[
  {
    "id": "af193a13-1e73-470d-b55c-45370f87e2a7",
    "data": [
      {
        "text": "chapter thirteen",
        "userDefined": false
      }
    ],
    "isTemplate": false,
    "count": 0,
    "lang": "en",
    "updated": 0
  },
  {
    "id": "37e1b04e-b8f9-4687-a8f6-81b14744d5bd",
    "data": [
      {
        "text": "chapter ",
        "userDefined": false
      },
      {
        "text": "seven",
        "meta": "@sys.ignore",
        "userDefined": false
      }
    ],
    "isTemplate": false,
    "count": 0,
    "lang": "en",
    "updated": 0
  },
  {
    "id": "0e57c469-11a8-4306-97df-8d635c6622bf",
    "data": [
      {
        "text": "chapter ",
        "userDefined": false
      },
      {
        "text": "13",
        "meta": "@sys.ignore",
        "userDefined": false
      }
    ],
    "isTemplate": false,
    "count": 0,
    "lang": "en",
    "updated": 0
  },
  {
    "id": "e71f489d-1ef8-468b-977b-a91c6d53d5cb",
    "data": [
      {
        "text": "chapter ",
        "userDefined": false
      },
      {
        "text": "7",
        "meta": "@sys.ignore",
        "userDefined": false
      }
    ],
    "isTemplate": false,
    "count": 0,
    "lang": "en",
    "updated": 0
  },
  {
    "id": "d67efe31-b290-4fb7-b3c2-013340449df5",
    "data": [
      {
        "text": "bankruptcy",
        "userDefined": false
      }
    ],
    "isTemplate": false,
    "count": 0,
    "lang": "en",
    "updated": 0
  },
  {
    "id": "0c6b0578-aeac-418e-84c0-2f60b17c6e38",
    "data": [
      {
        "text": "bankrupt",
        "userDefined": false
      }
    ],
    "isTemplate": false,
    "count": 0,
    "lang": "en",
    "updated": 0
  }
]