[
  {
    "id": "29c42d90-4630-422d-921e-0b62a4b94576",
    "data": [
      {
        "text": "Good morning I am looking to find out what my rights are concerning an unsafe work environment, due to potential risk of covid 19",
        "userDefined": false
      }
    ],
    "isTemplate": false,
    "count": 0,
    "lang": "en",
    "updated": 0
  },
  {
    "id": "cc4a540f-51d9-4707-874a-41f84aa1a3d6",
    "data": [
      {
        "text": "Unsafe work place due to covid 19",
        "userDefined": false
      }
    ],
    "isTemplate": false,
    "count": 0,
    "lang": "en",
    "updated": 0
  },
  {
    "id": "0a8cd4e1-4032-4b9c-b776-6571f5abbd90",
    "data": [
      {
        "text": "pandemic",
        "userDefined": false
      }
    ],
    "isTemplate": false,
    "count": 0,
    "lang": "en",
    "updated": 0
  },
  {
    "id": "38c24a56-2e1d-4d39-b16a-58745e47265d",
    "data": [
      {
        "text": "covid 19",
        "userDefined": false
      }
    ],
    "isTemplate": false,
    "count": 0,
    "lang": "en",
    "updated": 0
  },
  {
    "id": "aa70dea2-37c5-48ff-998f-d41d7ef4c8b7",
    "data": [
      {
        "text": "covid-19",
        "userDefined": false
      }
    ],
    "isTemplate": false,
    "count": 0,
    "lang": "en",
    "updated": 0
  },
  {
    "id": "fb21eab7-85ae-4b13-9153-45a00f6c37a9",
    "data": [
      {
        "text": "coronavirus",
        "userDefined": false
      }
    ],
    "isTemplate": false,
    "count": 0,
    "lang": "en",
    "updated": 0
  },
  {
    "id": "e4e166c7-a66b-4101-a549-20fc74e3fc20",
    "data": [
      {
        "text": "covid",
        "userDefined": false
      }
    ],
    "isTemplate": false,
    "count": 0,
    "lang": "en",
    "updated": 0
  }
]