[
  {
    "id": "24a9c4bb-c316-4fcd-b1ac-510088edb601",
    "data": [
      {
        "text": "bail",
        "userDefined": false
      }
    ],
    "isTemplate": false,
    "count": 0,
    "lang": "en",
    "updated": 0
  },
  {
    "id": "11ee1324-ffdc-40ef-9385-e8e8d140aff4",
    "data": [
      {
        "text": "ticket",
        "userDefined": false
      }
    ],
    "isTemplate": false,
    "count": 0,
    "lang": "en",
    "updated": 0
  },
  {
    "id": "6906f8af-401e-42ba-b219-9ce7f08cd420",
    "data": [
      {
        "text": "vandalism",
        "userDefined": false
      }
    ],
    "isTemplate": false,
    "count": 0,
    "lang": "en",
    "updated": 0
  },
  {
    "id": "08e2c655-7638-4daa-b225-cc5e64a27663",
    "data": [
      {
        "text": "crime",
        "userDefined": false
      }
    ],
    "isTemplate": false,
    "count": 0,
    "lang": "en",
    "updated": 0
  },
  {
    "id": "a99a2c0f-b7dd-4beb-8bc1-a7e14b6ce316",
    "data": [
      {
        "text": "criminal",
        "userDefined": false
      }
    ],
    "isTemplate": false,
    "count": 0,
    "lang": "en",
    "updated": 0
  },
  {
    "id": "f6e29d66-f7f8-41e3-977f-69b46a17da87",
    "data": [
      {
        "text": "charged",
        "userDefined": false
      }
    ],
    "isTemplate": false,
    "count": 0,
    "lang": "en",
    "updated": 0
  },
  {
    "id": "8726fba0-71e2-4711-902a-45c017472fe7",
    "data": [
      {
        "text": "dui",
        "userDefined": false
      }
    ],
    "isTemplate": false,
    "count": 0,
    "lang": "en",
    "updated": 0
  },
  {
    "id": "3b53fc0a-b4f9-4e9b-aecd-75c41443c66e",
    "data": [
      {
        "text": "dwi",
        "userDefined": false
      }
    ],
    "isTemplate": false,
    "count": 0,
    "lang": "en",
    "updated": 0
  },
  {
    "id": "48cbe3c0-7f6e-4091-8c3d-ad8c8ac96d62",
    "data": [
      {
        "text": "drunk driving",
        "userDefined": false
      }
    ],
    "isTemplate": false,
    "count": 0,
    "lang": "en",
    "updated": 0
  },
  {
    "id": "4b5a12a0-068f-460e-940c-772535ffb36d",
    "data": [
      {
        "text": "cops",
        "userDefined": false
      }
    ],
    "isTemplate": false,
    "count": 0,
    "lang": "en",
    "updated": 0
  },
  {
    "id": "62bcb672-2b1c-4410-ae65-6f539a413626",
    "data": [
      {
        "text": "police",
        "userDefined": false
      }
    ],
    "isTemplate": false,
    "count": 0,
    "lang": "en",
    "updated": 0
  },
  {
    "id": "a91b9d9f-8ca7-4441-8e29-cdd950e1c87a",
    "data": [
      {
        "text": "traffic",
        "userDefined": false
      }
    ],
    "isTemplate": false,
    "count": 0,
    "lang": "en",
    "updated": 0
  },
  {
    "id": "9ab8c820-56f4-44c7-95f1-0b80819aa687",
    "data": [
      {
        "text": "drugs",
        "userDefined": false
      }
    ],
    "isTemplate": false,
    "count": 0,
    "lang": "en",
    "updated": 0
  },
  {
    "id": "5ff2773b-d70c-4851-9b3a-e39a4ece4c91",
    "data": [
      {
        "text": "paraphernalia",
        "userDefined": false
      }
    ],
    "isTemplate": false,
    "count": 0,
    "lang": "en",
    "updated": 0
  },
  {
    "id": "85172ef7-b8ed-43fd-a631-997ab645d266",
    "data": [
      {
        "text": "coke",
        "userDefined": false
      }
    ],
    "isTemplate": false,
    "count": 0,
    "lang": "en",
    "updated": 0
  },
  {
    "id": "6d508103-b69c-4b24-8871-774fc68b6a1a",
    "data": [
      {
        "text": "stop sign",
        "userDefined": false
      }
    ],
    "isTemplate": false,
    "count": 0,
    "lang": "en",
    "updated": 0
  },
  {
    "id": "cb43dffb-bc9a-4cc9-bb91-2446037d8191",
    "data": [
      {
        "text": "red",
        "meta": "@sys.ignore",
        "userDefined": false
      },
      {
        "text": " light",
        "userDefined": false
      }
    ],
    "isTemplate": false,
    "count": 0,
    "lang": "en",
    "updated": 0
  },
  {
    "id": "f33494f9-7fc7-49c4-9665-ec9915adac33",
    "data": [
      {
        "text": "following too closely",
        "userDefined": false
      }
    ],
    "isTemplate": false,
    "count": 0,
    "lang": "en",
    "updated": 0
  },
  {
    "id": "d06b7f6e-f511-484c-b7f3-a5175455dfda",
    "data": [
      {
        "text": "careless driving",
        "userDefined": false
      }
    ],
    "isTemplate": false,
    "count": 0,
    "lang": "en",
    "updated": 0
  },
  {
    "id": "b4f6a710-9ff8-41b5-9b89-f92baf1f9f62",
    "data": [
      {
        "text": "reckless driving",
        "userDefined": false
      }
    ],
    "isTemplate": false,
    "count": 0,
    "lang": "en",
    "updated": 0
  },
  {
    "id": "943ec887-dc0f-4c18-ab56-0167931d4b82",
    "data": [
      {
        "text": "speeding",
        "userDefined": false
      }
    ],
    "isTemplate": false,
    "count": 0,
    "lang": "en",
    "updated": 0
  },
  {
    "id": "d4b5e577-0556-4ab4-b2e5-d3d800ca0542",
    "data": [
      {
        "text": "speed limit",
        "userDefined": false
      }
    ],
    "isTemplate": false,
    "count": 0,
    "lang": "en",
    "updated": 0
  },
  {
    "id": "08cd8884-b088-4e5a-9b94-e43cdc3af80c",
    "data": [
      {
        "text": "defense attorney",
        "userDefined": false
      }
    ],
    "isTemplate": false,
    "count": 0,
    "lang": "en",
    "updated": 0
  },
  {
    "id": "3a6d8e43-a39a-4d87-a8a8-79ff1303b8c0",
    "data": [
      {
        "text": "public defender",
        "userDefined": false
      }
    ],
    "isTemplate": false,
    "count": 1,
    "lang": "en",
    "updated": 0
  },
  {
    "id": "72d5111f-8da0-41ae-a9fc-f6a0cc3313af",
    "data": [
      {
        "text": "warrant",
        "userDefined": false
      }
    ],
    "isTemplate": false,
    "count": 1,
    "lang": "en",
    "updated": 0
  }
]