[
  {
    "id": "c3af6510-331c-495c-97b6-b3fe2aef7304",
    "data": [
      {
        "text": "I\u0027m not going to wait for you",
        "userDefined": false
      }
    ],
    "isTemplate": false,
    "count": 0,
    "lang": "en",
    "updated": 0
  },
  {
    "id": "802095c1-0f78-4b33-a448-dd2dbb2faaf9",
    "data": [
      {
        "text": "I don\u0027t want to talk about hobbies",
        "userDefined": false
      }
    ],
    "isTemplate": false,
    "count": 0,
    "lang": "en",
    "updated": 0
  },
  {
    "id": "6215b3a1-7524-4536-8bfa-2706f325ae40",
    "data": [
      {
        "text": "I love spring",
        "userDefined": false
      }
    ],
    "isTemplate": false,
    "count": 0,
    "lang": "en",
    "updated": 0
  },
  {
    "id": "3b0f3f52-d0fd-45eb-aa00-c3df5b004128",
    "data": [
      {
        "text": "the weather if beautiful",
        "userDefined": false
      }
    ],
    "isTemplate": false,
    "count": 0,
    "lang": "en",
    "updated": 0
  },
  {
    "id": "81df6247-0444-4c9a-a268-989cf1745c96",
    "data": [
      {
        "text": "I didn\u0027t say I\u0027m sad",
        "userDefined": false
      }
    ],
    "isTemplate": false,
    "count": 0,
    "lang": "en",
    "updated": 0
  },
  {
    "id": "4e3f7914-ce5c-4061-b08f-762eb759cec2",
    "data": [
      {
        "text": "I\u0027m not interested in your age",
        "userDefined": false
      }
    ],
    "isTemplate": false,
    "count": 0,
    "lang": "en",
    "updated": 0
  }
]