[
  {
    "id": "b3c90e28-29ed-49ef-96d4-68d820b65dc3",
    "data": [
      {
        "text": "how much are your services?",
        "userDefined": false
      }
    ],
    "isTemplate": false,
    "count": 0,
    "lang": "en",
    "updated": 0
  },
  {
    "id": "92c8ba7f-ca61-49c4-af45-eda34ffde66d",
    "data": [
      {
        "text": "how much are legal services?",
        "userDefined": false
      }
    ],
    "isTemplate": false,
    "count": 0,
    "lang": "en",
    "updated": 0
  },
  {
    "id": "a0366837-b74e-426f-b40c-a9bccb548394",
    "data": [
      {
        "text": "how much",
        "userDefined": false
      }
    ],
    "isTemplate": false,
    "count": 0,
    "lang": "en",
    "updated": 0
  },
  {
    "id": "7b6e9eb0-ccae-4d48-930b-1f8d894b4ded",
    "data": [
      {
        "text": "pay",
        "userDefined": false
      }
    ],
    "isTemplate": false,
    "count": 0,
    "lang": "en",
    "updated": 0
  },
  {
    "id": "237b713f-e267-4241-928e-8e2edeee9b05",
    "data": [
      {
        "text": "charge",
        "userDefined": false
      }
    ],
    "isTemplate": false,
    "count": 0,
    "lang": "en",
    "updated": 0
  },
  {
    "id": "2fd5fabe-9855-4725-85c1-3b69a332ce5a",
    "data": [
      {
        "text": "cost",
        "userDefined": false
      }
    ],
    "isTemplate": false,
    "count": 0,
    "lang": "en",
    "updated": 0
  },
  {
    "id": "260d5091-53d6-4e40-96d2-deb28b50759b",
    "data": [
      {
        "text": "price",
        "userDefined": false
      }
    ],
    "isTemplate": false,
    "count": 0,
    "lang": "en",
    "updated": 0
  },
  {
    "id": "7ebda4a1-f53c-4ad5-8b4c-b2554a202ee0",
    "data": [
      {
        "text": "What\u0027s the price?",
        "userDefined": false
      }
    ],
    "isTemplate": false,
    "count": 0,
    "lang": "en",
    "updated": 0
  },
  {
    "id": "92011421-132b-4355-b2e6-1f017590af3f",
    "data": [
      {
        "text": "Is there a price?",
        "userDefined": false
      }
    ],
    "isTemplate": false,
    "count": 0,
    "lang": "en",
    "updated": 0
  },
  {
    "id": "f7ce1b85-afb9-4ef3-af35-c4ee49601440",
    "data": [
      {
        "text": "Do I have to pay a retainer?",
        "userDefined": false
      }
    ],
    "isTemplate": false,
    "count": 0,
    "lang": "en",
    "updated": 0
  },
  {
    "id": "f058bc05-efab-4c04-bdc1-4f230b05caa0",
    "data": [
      {
        "text": "Do you have to pay anything?",
        "userDefined": false
      }
    ],
    "isTemplate": false,
    "count": 0,
    "lang": "en",
    "updated": 0
  },
  {
    "id": "13c80879-8d73-4680-9676-cfffed7ae452",
    "data": [
      {
        "text": "How much for a consultation?",
        "userDefined": false
      }
    ],
    "isTemplate": false,
    "count": 0,
    "lang": "en",
    "updated": 0
  },
  {
    "id": "70902396-7a37-443b-9b92-015f06a0fe1d",
    "data": [
      {
        "text": "Do you charge?",
        "userDefined": false
      }
    ],
    "isTemplate": false,
    "count": 0,
    "lang": "en",
    "updated": 0
  },
  {
    "id": "a4dd1df8-a0a9-4750-9f2c-e26fd4bafb10",
    "data": [
      {
        "text": "What\u0027s the cost?",
        "userDefined": false
      }
    ],
    "isTemplate": false,
    "count": 0,
    "lang": "en",
    "updated": 0
  },
  {
    "id": "d526b472-32b7-4119-bcaf-69b38bba4d95",
    "data": [
      {
        "text": "Does it cost anything?",
        "userDefined": false
      }
    ],
    "isTemplate": false,
    "count": 0,
    "lang": "en",
    "updated": 0
  },
  {
    "id": "2c6a44e2-a7f0-444f-b3ae-8f6f2f6b3dd7",
    "data": [
      {
        "text": "How much does it cost to get help?",
        "userDefined": false
      }
    ],
    "isTemplate": false,
    "count": 0,
    "lang": "en",
    "updated": 0
  },
  {
    "id": "5880f752-4cdd-4577-8d3f-c42a33b4e167",
    "data": [
      {
        "text": "How much do you charge for legal help?",
        "userDefined": false
      }
    ],
    "isTemplate": false,
    "count": 0,
    "lang": "en",
    "updated": 0
  }
]