[
  {
    "id": "299cbfa8-2397-4635-8b6c-4e914c9a7d75",
    "data": [
      {
        "text": "I need to file for a divorce",
        "userDefined": false
      }
    ],
    "isTemplate": false,
    "count": 0,
    "lang": "en",
    "updated": 0
  },
  {
    "id": "43af802a-afa8-4c2d-b3c5-b47a7c12a54e",
    "data": [
      {
        "text": "Can separation agreement replace child support forms",
        "userDefined": false
      }
    ],
    "isTemplate": false,
    "count": 0,
    "lang": "en",
    "updated": 0
  },
  {
    "id": "8571697c-37c7-4181-bd0f-536a68abaf42",
    "data": [
      {
        "text": "is the child support chart per child weekly or monthly",
        "userDefined": false
      }
    ],
    "isTemplate": false,
    "count": 0,
    "lang": "en",
    "updated": 0
  },
  {
    "id": "4134704a-9d70-42a9-843b-113ca9078d24",
    "data": [
      {
        "text": "pp-",
        "userDefined": false
      },
      {
        "text": "209",
        "meta": "@sys.ignore",
        "userDefined": false
      },
      {
        "text": " guardianship form",
        "userDefined": false
      }
    ],
    "isTemplate": false,
    "count": 0,
    "lang": "en",
    "updated": 0
  },
  {
    "id": "acdca145-5106-4632-a027-41eb3dadcd58",
    "data": [
      {
        "text": "Can Pine Tree help with custody?",
        "userDefined": false
      }
    ],
    "isTemplate": false,
    "count": 0,
    "lang": "en",
    "updated": 0
  },
  {
    "id": "865a708e-5366-4859-b306-4f60c1cce689",
    "data": [
      {
        "text": "does signing power of attorney of minor child transfer court ordered custody?",
        "userDefined": false
      }
    ],
    "isTemplate": false,
    "count": 0,
    "lang": "en",
    "updated": 0
  },
  {
    "id": "9218f6b0-33e8-412c-9944-58c8a9695512",
    "data": [
      {
        "text": "a divorce and custody lawyer",
        "userDefined": false
      }
    ],
    "isTemplate": false,
    "count": 0,
    "lang": "en",
    "updated": 0
  },
  {
    "id": "3110a64a-8d76-4682-bda7-abbaaba1d39c",
    "data": [
      {
        "text": "legal help for divorce",
        "userDefined": false
      }
    ],
    "isTemplate": false,
    "count": 0,
    "lang": "en",
    "updated": 0
  },
  {
    "id": "818b9c5f-2b29-4a46-aa05-9c04e121f926",
    "data": [
      {
        "text": "divorse",
        "userDefined": false
      }
    ],
    "isTemplate": false,
    "count": 0,
    "lang": "en",
    "updated": 0
  },
  {
    "id": "a9781893-7042-4a7e-8d8d-cb4def44ad0a",
    "data": [
      {
        "text": "Parents died. I need guardianship",
        "userDefined": false
      }
    ],
    "isTemplate": false,
    "count": 0,
    "lang": "en",
    "updated": 0
  },
  {
    "id": "58863899-5869-4d78-9915-88142c9092a9",
    "data": [
      {
        "text": "ex-spouse",
        "userDefined": false
      }
    ],
    "isTemplate": false,
    "count": 0,
    "lang": "en",
    "updated": 0
  },
  {
    "id": "b5fae380-fa23-498e-9cf0-97a706fb6d8b",
    "data": [
      {
        "text": "spouse",
        "userDefined": false
      }
    ],
    "isTemplate": false,
    "count": 0,
    "lang": "en",
    "updated": 0
  },
  {
    "id": "65c46849-1851-480a-bcd5-3c0d4bf3eb70",
    "data": [
      {
        "text": "ex",
        "userDefined": false
      }
    ],
    "isTemplate": false,
    "count": 0,
    "lang": "en",
    "updated": 0
  },
  {
    "id": "7426d2cb-fd5d-4dc6-a369-f87f9dd7c34c",
    "data": [
      {
        "text": "child sex abuse",
        "userDefined": false
      }
    ],
    "isTemplate": false,
    "count": 0,
    "lang": "en",
    "updated": 0
  },
  {
    "id": "a87cacc9-e518-4fc2-afd6-2b42b669a821",
    "data": [
      {
        "text": "sue my parents for child abuse",
        "userDefined": false
      }
    ],
    "isTemplate": false,
    "count": 0,
    "lang": "en",
    "updated": 0
  },
  {
    "id": "e8fbe99d-7ac0-40d9-942d-8660cfcb8c41",
    "data": [
      {
        "text": "child abuse",
        "userDefined": false
      }
    ],
    "isTemplate": false,
    "count": 0,
    "lang": "en",
    "updated": 0
  },
  {
    "id": "1c0a37fb-d085-40df-813b-8482eeddd289",
    "data": [
      {
        "text": "family law",
        "userDefined": false
      }
    ],
    "isTemplate": false,
    "count": 0,
    "lang": "en",
    "updated": 0
  },
  {
    "id": "b7bd730d-7c76-425b-ade2-2e05ae2b2ba9",
    "data": [
      {
        "text": "family",
        "userDefined": false
      }
    ],
    "isTemplate": false,
    "count": 0,
    "lang": "en",
    "updated": 0
  },
  {
    "id": "6d8e4411-7503-43af-8b59-f4ddcdcf27fb",
    "data": [
      {
        "text": "child ",
        "userDefined": false
      },
      {
        "text": "support",
        "meta": "@sys.ignore",
        "userDefined": false
      }
    ],
    "isTemplate": false,
    "count": 0,
    "lang": "en",
    "updated": 0
  },
  {
    "id": "d2083563-1a23-42a9-abd3-eda7a0c6fcaa",
    "data": [
      {
        "text": "neglect",
        "userDefined": false
      }
    ],
    "isTemplate": false,
    "count": 0,
    "lang": "en",
    "updated": 0
  },
  {
    "id": "367ea3c6-2fdc-4ee9-aefa-a6cc05cf0a7b",
    "data": [
      {
        "text": "guardian",
        "userDefined": false
      }
    ],
    "isTemplate": false,
    "count": 0,
    "lang": "en",
    "updated": 0
  },
  {
    "id": "3680c378-5731-4dbf-ab40-7cbb578eaeea",
    "data": [
      {
        "text": "conservatorship",
        "userDefined": false
      }
    ],
    "isTemplate": false,
    "count": 0,
    "lang": "en",
    "updated": 0
  },
  {
    "id": "79251b37-7a68-4de1-a460-1366ec1f4db7",
    "data": [
      {
        "text": "guardianship",
        "userDefined": false
      }
    ],
    "isTemplate": false,
    "count": 0,
    "lang": "en",
    "updated": 0
  },
  {
    "id": "7b034979-2d13-4384-b435-b275da657375",
    "data": [
      {
        "text": "annulment",
        "userDefined": false
      }
    ],
    "isTemplate": false,
    "count": 0,
    "lang": "en",
    "updated": 0
  },
  {
    "id": "45a4dfac-0e32-4cbb-a880-b797d2bcd780",
    "data": [
      {
        "text": "annul",
        "userDefined": false
      }
    ],
    "isTemplate": false,
    "count": 0,
    "lang": "en",
    "updated": 0
  },
  {
    "id": "5abc36c2-b447-44bf-b2c4-74ca6e4869e0",
    "data": [
      {
        "text": "legal separation",
        "userDefined": false
      }
    ],
    "isTemplate": false,
    "count": 0,
    "lang": "en",
    "updated": 0
  },
  {
    "id": "2d19b544-9c63-4f95-a5b3-22204b6fda4b",
    "data": [
      {
        "text": "separate",
        "userDefined": false
      }
    ],
    "isTemplate": false,
    "count": 0,
    "lang": "en",
    "updated": 0
  },
  {
    "id": "cfd66ae2-08fc-4b17-9d08-e329f0318db6",
    "data": [
      {
        "text": "marriage",
        "userDefined": false
      }
    ],
    "isTemplate": false,
    "count": 0,
    "lang": "en",
    "updated": 0
  },
  {
    "id": "3ad9e633-37f4-4bbe-98ae-aed994c65639",
    "data": [
      {
        "text": "divorces",
        "userDefined": false
      }
    ],
    "isTemplate": false,
    "count": 0,
    "lang": "en",
    "updated": 0
  },
  {
    "id": "94c9cf80-2e00-4342-a22b-7c421ee66b5b",
    "data": [
      {
        "text": "divorce",
        "userDefined": false
      }
    ],
    "isTemplate": false,
    "count": 0,
    "lang": "en",
    "updated": 0
  },
  {
    "id": "9dea5d79-03c6-4fc9-bd27-fd6a054ea7fd",
    "data": [
      {
        "text": "visitation",
        "userDefined": false
      }
    ],
    "isTemplate": false,
    "count": 0,
    "lang": "en",
    "updated": 0
  },
  {
    "id": "8efa442c-f854-4628-9c4e-8e13331e4d34",
    "data": [
      {
        "text": "visit",
        "userDefined": false
      }
    ],
    "isTemplate": false,
    "count": 0,
    "lang": "en",
    "updated": 0
  },
  {
    "id": "a09cf2c3-57d7-43a1-ba7c-c32900cdee73",
    "data": [
      {
        "text": "children",
        "userDefined": false
      }
    ],
    "isTemplate": false,
    "count": 0,
    "lang": "en",
    "updated": 0
  },
  {
    "id": "02cd8a9d-2ab4-4d7b-adc7-ff34653f4810",
    "data": [
      {
        "text": "child",
        "userDefined": false
      }
    ],
    "isTemplate": false,
    "count": 0,
    "lang": "en",
    "updated": 0
  },
  {
    "id": "6f74f334-3fe7-4844-85e2-5483ad0131e3",
    "data": [
      {
        "text": "kid",
        "userDefined": false
      }
    ],
    "isTemplate": false,
    "count": 1,
    "lang": "en",
    "updated": 0
  },
  {
    "id": "aac19c98-044d-41d9-a209-d9c1e6fc0d77",
    "data": [
      {
        "text": "custody",
        "userDefined": false
      }
    ],
    "isTemplate": false,
    "count": 0,
    "lang": "en",
    "updated": 0
  },
  {
    "id": "bb0aef21-5514-4242-899b-dfac8739cda9",
    "data": [
      {
        "text": "daughter",
        "userDefined": false
      }
    ],
    "isTemplate": false,
    "count": 0,
    "lang": "en",
    "updated": 0
  },
  {
    "id": "272917cb-a1fd-4611-95d6-6f13aaa5c816",
    "data": [
      {
        "text": "son",
        "userDefined": false
      }
    ],
    "isTemplate": false,
    "count": 0,
    "lang": "en",
    "updated": 0
  },
  {
    "id": "020a9a3f-a4c6-4426-9476-8612c22f7f4b",
    "data": [
      {
        "text": "wife",
        "userDefined": false
      }
    ],
    "isTemplate": false,
    "count": 0,
    "lang": "en",
    "updated": 0
  },
  {
    "id": "eabb55e8-1c81-48d5-ba5e-170c4985c1b9",
    "data": [
      {
        "text": "husband",
        "userDefined": false
      }
    ],
    "isTemplate": false,
    "count": 1,
    "lang": "en",
    "updated": 0
  }
]