[
  {
    "id": "2b466eb7-93a4-4ee4-a10b-18a6b92cd3b8",
    "data": [
      {
        "text": "H",
        "userDefined": false
      },
      {
        "text": "-2",
        "meta": "@sys.ignore",
        "userDefined": false
      },
      {
        "text": "A",
        "userDefined": false
      }
    ],
    "isTemplate": false,
    "count": 0,
    "lang": "en",
    "updated": 0
  },
  {
    "id": "c328c138-e6e5-4e37-96b8-ccc32d25e44f",
    "data": [
      {
        "text": "agricultural worker",
        "userDefined": false
      }
    ],
    "isTemplate": false,
    "count": 0,
    "lang": "en",
    "updated": 0
  },
  {
    "id": "270b40a2-bbe2-4245-95fb-e64be88dc7f8",
    "data": [
      {
        "text": "farmhand",
        "userDefined": false
      }
    ],
    "isTemplate": false,
    "count": 0,
    "lang": "en",
    "updated": 0
  },
  {
    "id": "095a8a3a-dac4-422c-aa18-828b80748668",
    "data": [
      {
        "text": "Farm hand",
        "userDefined": false
      }
    ],
    "isTemplate": false,
    "count": 0,
    "lang": "en",
    "updated": 0
  },
  {
    "id": "6466cc62-7f6c-4b5b-b0d5-733e2bc411aa",
    "data": [
      {
        "text": "migrant farmworkers",
        "userDefined": false
      }
    ],
    "isTemplate": false,
    "count": 0,
    "lang": "en",
    "updated": 0
  },
  {
    "id": "a9d78899-0168-4e16-9ea5-532bc4b3a9da",
    "data": [
      {
        "text": "migrant farmworker",
        "userDefined": false
      }
    ],
    "isTemplate": false,
    "count": 0,
    "lang": "en",
    "updated": 0
  },
  {
    "id": "b9dd09f2-d61c-4abd-a7ee-3b38d3702973",
    "data": [
      {
        "text": "migrants",
        "userDefined": false
      }
    ],
    "isTemplate": false,
    "count": 0,
    "lang": "en",
    "updated": 0
  },
  {
    "id": "70fef2f1-20fb-447a-b55b-99f6d7bb19d3",
    "data": [
      {
        "text": "migrant",
        "userDefined": false
      }
    ],
    "isTemplate": false,
    "count": 0,
    "lang": "en",
    "updated": 0
  },
  {
    "id": "5f365223-74e6-4253-a98e-6d6dd32f4c7a",
    "data": [
      {
        "text": "crops",
        "userDefined": false
      }
    ],
    "isTemplate": false,
    "count": 0,
    "lang": "en",
    "updated": 0
  },
  {
    "id": "3751e2f3-27c8-409f-a16d-7cb29f037c2f",
    "data": [
      {
        "text": "harvest",
        "userDefined": false
      }
    ],
    "isTemplate": false,
    "count": 0,
    "lang": "en",
    "updated": 0
  },
  {
    "id": "c33f535e-1db0-46ba-b968-6d4b88c7ee3d",
    "data": [
      {
        "text": "agriculture",
        "userDefined": false
      }
    ],
    "isTemplate": false,
    "count": 0,
    "lang": "en",
    "updated": 0
  },
  {
    "id": "f09d0f7e-4749-4d9f-8b7c-00564901ce1a",
    "data": [
      {
        "text": "agricultural",
        "userDefined": false
      }
    ],
    "isTemplate": false,
    "count": 0,
    "lang": "en",
    "updated": 0
  },
  {
    "id": "30484b20-ceb4-40f6-8819-2b49d99a23e3",
    "data": [
      {
        "text": "farmworker",
        "userDefined": false
      }
    ],
    "isTemplate": false,
    "count": 0,
    "lang": "en",
    "updated": 0
  },
  {
    "id": "2c712211-e5e7-4256-bd6d-1a77f553442e",
    "data": [
      {
        "text": "farmwork",
        "userDefined": false
      }
    ],
    "isTemplate": false,
    "count": 0,
    "lang": "en",
    "updated": 0
  },
  {
    "id": "cbb77ca1-0120-4ef3-973e-481153e7bf95",
    "data": [
      {
        "text": "farm",
        "userDefined": false
      }
    ],
    "isTemplate": false,
    "count": 0,
    "lang": "en",
    "updated": 0
  }
]