[
  {
    "id": "fb7cc55d-b1dd-47c2-808e-3c3de09e48df",
    "data": [
      {
        "text": "going to court",
        "userDefined": false
      }
    ],
    "isTemplate": false,
    "count": 0,
    "lang": "en",
    "updated": 0
  },
  {
    "id": "b610f75a-08c6-471c-aa21-1dbf5e31290d",
    "data": [
      {
        "text": "go to court",
        "userDefined": false
      }
    ],
    "isTemplate": false,
    "count": 0,
    "lang": "en",
    "updated": 0
  },
  {
    "id": "391c6ddf-fc32-49d0-9e51-f8c865f2cf42",
    "data": [
      {
        "text": "what happens when i go to court",
        "userDefined": false
      }
    ],
    "isTemplate": false,
    "count": 0,
    "lang": "en",
    "updated": 0
  },
  {
    "id": "d67736b0-d341-42c6-900f-35440b7ba6c2",
    "data": [
      {
        "text": "i have to go to court",
        "userDefined": false
      }
    ],
    "isTemplate": false,
    "count": 0,
    "lang": "en",
    "updated": 0
  },
  {
    "id": "edab4a5d-4edf-4fc9-affb-a93eb7e095e7",
    "data": [
      {
        "text": "i need to go to court",
        "userDefined": false
      }
    ],
    "isTemplate": false,
    "count": 0,
    "lang": "en",
    "updated": 0
  },
  {
    "id": "f3307061-8a4c-4d7d-a01c-9f070d38c8b5",
    "data": [
      {
        "text": "complaint",
        "userDefined": false
      }
    ],
    "isTemplate": false,
    "count": 0,
    "lang": "en",
    "updated": 0
  },
  {
    "id": "a972fdba-a63b-4704-b649-9aef5462ce88",
    "data": [
      {
        "text": "sued",
        "userDefined": false
      }
    ],
    "isTemplate": false,
    "count": 0,
    "lang": "en",
    "updated": 0
  },
  {
    "id": "7706f535-1af5-497f-b506-9a5f8a74cf1d",
    "data": [
      {
        "text": "ticket",
        "userDefined": false
      }
    ],
    "isTemplate": false,
    "count": 0,
    "lang": "en",
    "updated": 0
  },
  {
    "id": "9ad51fb0-d1f1-4ca6-9b0d-3a15fcdabd85",
    "data": [
      {
        "text": "summons",
        "userDefined": false
      }
    ],
    "isTemplate": false,
    "count": 0,
    "lang": "en",
    "updated": 0
  },
  {
    "id": "c3cfa70f-0570-44a4-91ab-2065fd4b67ca",
    "data": [
      {
        "text": "hearing",
        "userDefined": false
      }
    ],
    "isTemplate": false,
    "count": 0,
    "lang": "en",
    "updated": 0
  },
  {
    "id": "68b04e60-2b73-4d0f-bcad-b45e5297e148",
    "data": [
      {
        "text": "court date",
        "userDefined": false
      }
    ],
    "isTemplate": false,
    "count": 0,
    "lang": "en",
    "updated": 0
  },
  {
    "id": "37cb48d7-6d46-42ff-8364-9520632212ae",
    "data": [
      {
        "text": "court",
        "userDefined": false
      }
    ],
    "isTemplate": false,
    "count": 0,
    "lang": "en",
    "updated": 0
  }
]