[
  {
    "id": "d651ec7d-92a3-4115-b982-3bb9f6b0e397",
    "data": [
      {
        "text": "ebt card",
        "userDefined": false
      }
    ],
    "isTemplate": false,
    "count": 0,
    "lang": "en",
    "updated": 0
  },
  {
    "id": "b07a7dd2-7bf5-4317-adc3-3254fc8c9749",
    "data": [
      {
        "text": "SNAP benefits",
        "userDefined": false
      }
    ],
    "isTemplate": false,
    "count": 0,
    "lang": "en",
    "updated": 0
  },
  {
    "id": "a9dd38c9-5eea-4ab6-8517-7729237fc1d5",
    "data": [
      {
        "text": "hungry",
        "userDefined": false
      }
    ],
    "isTemplate": false,
    "count": 1,
    "lang": "en",
    "updated": 0
  },
  {
    "id": "afc7b051-5106-44a4-a4be-bf42f70e1072",
    "data": [
      {
        "text": "Can you help me with access to food",
        "userDefined": false
      }
    ],
    "isTemplate": false,
    "count": 0,
    "lang": "en",
    "updated": 0
  },
  {
    "id": "fd6796b4-1bd8-4231-b182-94f0d5cf6597",
    "data": [
      {
        "text": "access to food",
        "userDefined": false
      }
    ],
    "isTemplate": false,
    "count": 0,
    "lang": "en",
    "updated": 0
  },
  {
    "id": "1d58e4f1-ee40-452f-890f-f6a5dbd23c42",
    "data": [
      {
        "text": "food",
        "userDefined": false
      }
    ],
    "isTemplate": false,
    "count": 0,
    "lang": "en",
    "updated": 0
  },
  {
    "id": "e4aa5cf0-6c2a-4625-9572-ea13d75dd84b",
    "data": [
      {
        "text": "WIC",
        "userDefined": false
      }
    ],
    "isTemplate": false,
    "count": 1,
    "lang": "en",
    "updated": 0
  },
  {
    "id": "5f3a75e4-1177-4490-8e05-d2fd5cedf269",
    "data": [
      {
        "text": "welfare",
        "userDefined": false
      }
    ],
    "isTemplate": false,
    "count": 0,
    "lang": "en",
    "updated": 0
  },
  {
    "id": "53ba1033-9d4d-4a00-b979-bb9a70889131",
    "data": [
      {
        "text": "benefits",
        "userDefined": false
      }
    ],
    "isTemplate": false,
    "count": 0,
    "lang": "en",
    "updated": 0
  },
  {
    "id": "344e73cf-87c7-4b50-8deb-a1f7561dfad0",
    "data": [
      {
        "text": "Section ",
        "userDefined": false
      },
      {
        "text": "17",
        "meta": "@sys.ignore",
        "userDefined": false
      }
    ],
    "isTemplate": false,
    "count": 0,
    "lang": "en",
    "updated": 0
  },
  {
    "id": "2da18d0f-82e1-44dd-8a02-cbba1ed3d8ed",
    "data": [
      {
        "text": "temporary assistance needy families",
        "userDefined": false
      }
    ],
    "isTemplate": false,
    "count": 0,
    "lang": "en",
    "updated": 0
  },
  {
    "id": "e5453037-0bb0-46f1-9259-8e1bc7032b8b",
    "data": [
      {
        "text": "TANF",
        "userDefined": false
      }
    ],
    "isTemplate": false,
    "count": 1,
    "lang": "en",
    "updated": 0
  },
  {
    "id": "663bf779-a0b3-49b5-adff-98510244df77",
    "data": [
      {
        "text": "overpayments",
        "userDefined": false
      }
    ],
    "isTemplate": false,
    "count": 0,
    "lang": "en",
    "updated": 0
  },
  {
    "id": "6ae4078d-c1a3-4eec-a4c3-b3849ca4324a",
    "data": [
      {
        "text": "obamacare",
        "userDefined": false
      }
    ],
    "isTemplate": false,
    "count": 0,
    "lang": "en",
    "updated": 0
  },
  {
    "id": "9955e410-531e-478d-b467-a00c476da9df",
    "data": [
      {
        "text": "medicaid",
        "userDefined": false
      }
    ],
    "isTemplate": false,
    "count": 1,
    "lang": "en",
    "updated": 0
  },
  {
    "id": "5fcb6b7d-3f5f-4549-83a1-7be6d624fad3",
    "data": [
      {
        "text": "medicare",
        "userDefined": false
      }
    ],
    "isTemplate": false,
    "count": 1,
    "lang": "en",
    "updated": 0
  },
  {
    "id": "df24d5c8-11f7-4c87-ac8a-01093968024a",
    "data": [
      {
        "text": "maine care",
        "userDefined": false
      }
    ],
    "isTemplate": false,
    "count": 0,
    "lang": "en",
    "updated": 0
  },
  {
    "id": "7c6b430a-784d-4ee2-b494-f5a4dc7e421c",
    "data": [
      {
        "text": "MaineCare",
        "userDefined": false
      }
    ],
    "isTemplate": false,
    "count": 0,
    "lang": "en",
    "updated": 0
  },
  {
    "id": "666a9ffc-6dc9-46f3-b2be-934cf928b79d",
    "data": [
      {
        "text": "human rights",
        "userDefined": false
      }
    ],
    "isTemplate": false,
    "count": 0,
    "lang": "en",
    "updated": 0
  },
  {
    "id": "836936d1-9502-4192-8bcf-80e8ebb15636",
    "data": [
      {
        "text": "deaf",
        "userDefined": false
      }
    ],
    "isTemplate": false,
    "count": 0,
    "lang": "en",
    "updated": 0
  },
  {
    "id": "9bc8dde2-9bb1-4a9b-a105-de1fb04497be",
    "data": [
      {
        "text": "blind",
        "userDefined": false
      }
    ],
    "isTemplate": false,
    "count": 0,
    "lang": "en",
    "updated": 0
  },
  {
    "id": "3203a0a6-b91e-4523-a9db-4246743b790a",
    "data": [
      {
        "text": "disability",
        "userDefined": false
      }
    ],
    "isTemplate": false,
    "count": 0,
    "lang": "en",
    "updated": 0
  },
  {
    "id": "3d605d5c-85b9-48cf-909d-27c4623fa8ea",
    "data": [
      {
        "text": "disabilities",
        "userDefined": false
      }
    ],
    "isTemplate": false,
    "count": 0,
    "lang": "en",
    "updated": 0
  },
  {
    "id": "353bc171-41fb-4283-8364-3f8129e2b60c",
    "data": [
      {
        "text": "disabled",
        "userDefined": false
      }
    ],
    "isTemplate": false,
    "count": 0,
    "lang": "en",
    "updated": 0
  },
  {
    "id": "74efa710-7c50-4f2d-87b3-a4f25a645911",
    "data": [
      {
        "text": "general assistance",
        "userDefined": false
      }
    ],
    "isTemplate": false,
    "count": 0,
    "lang": "en",
    "updated": 0
  },
  {
    "id": "0af3b49c-9f1b-43d7-b220-640dcaaf3867",
    "data": [
      {
        "text": "emergency assistance",
        "userDefined": false
      }
    ],
    "isTemplate": false,
    "count": 0,
    "lang": "en",
    "updated": 0
  },
  {
    "id": "6b692c9b-5244-499b-a5c4-fa430ff4fbdb",
    "data": [
      {
        "text": "ebt",
        "userDefined": false
      }
    ],
    "isTemplate": false,
    "count": 1,
    "lang": "en",
    "updated": 0
  },
  {
    "id": "177a30f4-4aec-4575-a0f8-df034a07f243",
    "data": [
      {
        "text": "SNAP",
        "userDefined": false
      }
    ],
    "isTemplate": false,
    "count": 0,
    "lang": "en",
    "updated": 0
  },
  {
    "id": "1e012938-b57d-4d2c-a1f3-5aa025fa4105",
    "data": [
      {
        "text": "food supplement",
        "userDefined": false
      }
    ],
    "isTemplate": false,
    "count": 0,
    "lang": "en",
    "updated": 0
  },
  {
    "id": "b55054f9-ad4b-4671-98da-26460de2f8ec",
    "data": [
      {
        "text": "food",
        "meta": "@sys.ignore",
        "userDefined": false
      },
      {
        "text": " stamps",
        "userDefined": false
      }
    ],
    "isTemplate": false,
    "count": 0,
    "lang": "en",
    "updated": 0
  },
  {
    "id": "ff5effa7-5512-4937-8868-00242be75eb0",
    "data": [
      {
        "text": "lead paint",
        "userDefined": false
      }
    ],
    "isTemplate": false,
    "count": 0,
    "lang": "en",
    "updated": 0
  },
  {
    "id": "e6ac41aa-9128-4003-a9a5-11c7b3a69967",
    "data": [
      {
        "text": "lead",
        "userDefined": false
      }
    ],
    "isTemplate": false,
    "count": 0,
    "lang": "en",
    "updated": 0
  },
  {
    "id": "7332ce48-add2-4ee4-9c38-2227f8bf0a96",
    "data": [
      {
        "text": "hospital",
        "userDefined": false
      }
    ],
    "isTemplate": false,
    "count": 0,
    "lang": "en",
    "updated": 0
  },
  {
    "id": "654690fa-4b43-41be-bbe7-847a72b57b84",
    "data": [
      {
        "text": "heating assistance",
        "userDefined": false
      }
    ],
    "isTemplate": false,
    "count": 0,
    "lang": "en",
    "updated": 0
  },
  {
    "id": "2033ad7e-4657-4521-93d4-b96747384a2d",
    "data": [
      {
        "text": "eat",
        "userDefined": false
      }
    ],
    "isTemplate": false,
    "count": 1,
    "lang": "en",
    "updated": 0
  },
  {
    "id": "e062948a-9e38-45ba-b8ab-ad9ec0d4985b",
    "data": [
      {
        "text": "supplement",
        "userDefined": false
      }
    ],
    "isTemplate": false,
    "count": 1,
    "lang": "en",
    "updated": 0
  },
  {
    "id": "0494a713-9395-4d50-8984-0db548411d1b",
    "data": [
      {
        "text": "covid-19",
        "userDefined": false
      }
    ],
    "isTemplate": false,
    "count": 0,
    "lang": "en",
    "updated": 0
  },
  {
    "id": "91e4a50b-6f56-4751-ab6e-64c5d0380ea7",
    "data": [
      {
        "text": "coronavirus",
        "userDefined": false
      }
    ],
    "isTemplate": false,
    "count": 0,
    "lang": "en",
    "updated": 0
  },
  {
    "id": "61d8d880-4b27-445e-8e8d-3c63a9c8858d",
    "data": [
      {
        "text": "covid",
        "userDefined": false
      }
    ],
    "isTemplate": false,
    "count": 0,
    "lang": "en",
    "updated": 0
  },
  {
    "id": "aa3cfc67-883d-4739-9a65-80a9881c670e",
    "data": [
      {
        "text": "overpayment",
        "userDefined": false
      }
    ],
    "isTemplate": false,
    "count": 1,
    "lang": "en",
    "updated": 0
  },
  {
    "id": "7d2bfa60-7ef8-4591-acba-77494796f6e4",
    "data": [
      {
        "text": "unemployment",
        "userDefined": false
      }
    ],
    "isTemplate": false,
    "count": 1,
    "lang": "en",
    "updated": 0
  },
  {
    "id": "4c2182fe-9900-48e1-83bf-52639435470e",
    "data": [
      {
        "text": "health ",
        "userDefined": false
      },
      {
        "text": "insurance",
        "meta": "@sys.ignore",
        "userDefined": false
      }
    ],
    "isTemplate": false,
    "count": 0,
    "lang": "en",
    "updated": 0
  },
  {
    "id": "58099cdd-1e24-40df-bb1b-7503bee6aecb",
    "data": [
      {
        "text": "healthcare",
        "userDefined": false
      }
    ],
    "isTemplate": false,
    "count": 2,
    "lang": "en",
    "updated": 0
  },
  {
    "id": "bd5bce86-6f76-430c-b811-56f763dd3cb6",
    "data": [
      {
        "text": "food stamp",
        "userDefined": false
      }
    ],
    "isTemplate": false,
    "count": 0,
    "lang": "en",
    "updated": 0
  },
  {
    "id": "caf92acb-258e-4234-95db-321ff7313c4e",
    "data": [
      {
        "text": "ADC",
        "userDefined": false
      }
    ],
    "isTemplate": false,
    "count": 2,
    "lang": "en",
    "updated": 0
  }
]