[
  {
    "id": "49ef4b05-f9b4-4b22-bb31-a5c2d220bc35",
    "data": [
      {
        "text": "Ocksford",
        "userDefined": false
      }
    ],
    "isTemplate": false,
    "count": 0,
    "lang": "en",
    "updated": 0
  },
  {
    "id": "57f49878-5e4b-4b81-9d44-9f2a4fc1c2ef",
    "data": [
      {
        "text": "Oxfrd",
        "userDefined": false
      }
    ],
    "isTemplate": false,
    "count": 0,
    "lang": "en",
    "updated": 0
  },
  {
    "id": "fbeaa333-ad07-4421-b15d-bc8634c41c8d",
    "data": [
      {
        "text": "Oxferd",
        "userDefined": false
      }
    ],
    "isTemplate": false,
    "count": 0,
    "lang": "en",
    "updated": 0
  },
  {
    "id": "fb9c2ebd-3c5a-435a-817a-6612a40ab240",
    "data": [
      {
        "text": "Frnklen",
        "userDefined": false
      }
    ],
    "isTemplate": false,
    "count": 0,
    "lang": "en",
    "updated": 0
  },
  {
    "id": "59dbeb32-e217-4488-adec-50f2ad7119fe",
    "data": [
      {
        "text": "Frnklin",
        "userDefined": false
      }
    ],
    "isTemplate": false,
    "count": 0,
    "lang": "en",
    "updated": 0
  },
  {
    "id": "3f9b3e62-8f9b-4c9e-8997-f65279d44038",
    "data": [
      {
        "text": "Franklon",
        "userDefined": false
      }
    ],
    "isTemplate": false,
    "count": 0,
    "lang": "en",
    "updated": 0
  },
  {
    "id": "6012e754-c7a2-499a-9a97-2cd3286dccd4",
    "data": [
      {
        "text": "Franklen",
        "userDefined": false
      }
    ],
    "isTemplate": false,
    "count": 0,
    "lang": "en",
    "updated": 0
  },
  {
    "id": "174083a8-2944-4c3f-901c-f8e3643b8baa",
    "data": [
      {
        "text": "Auburn",
        "meta": "@sys.ignore",
        "userDefined": false
      }
    ],
    "isTemplate": false,
    "count": 0,
    "lang": "en",
    "updated": 0
  },
  {
    "id": "9b9cc959-f825-48cc-96c7-b46643f190b9",
    "data": [
      {
        "text": "Lewiston",
        "userDefined": false
      }
    ],
    "isTemplate": false,
    "count": 0,
    "lang": "en",
    "updated": 0
  },
  {
    "id": "bbf72df6-4fc6-4611-b2a7-e66150abdfb0",
    "data": [
      {
        "text": "Franklin",
        "userDefined": false
      }
    ],
    "isTemplate": false,
    "count": 0,
    "lang": "en",
    "updated": 0
  },
  {
    "id": "721e9141-8ed1-4101-9b2c-f8cb524b9e4a",
    "data": [
      {
        "text": "Andasocggin",
        "userDefined": false
      }
    ],
    "isTemplate": false,
    "count": 0,
    "lang": "en",
    "updated": 0
  },
  {
    "id": "ffea2b24-ab14-4585-9835-f835e2e668da",
    "data": [
      {
        "text": "Androskoggin",
        "userDefined": false
      }
    ],
    "isTemplate": false,
    "count": 1,
    "lang": "en",
    "updated": 0
  },
  {
    "id": "1eaaf37c-0fcc-477f-a45f-0704f26a969b",
    "data": [
      {
        "text": "Androskogin",
        "userDefined": false
      }
    ],
    "isTemplate": false,
    "count": 0,
    "lang": "en",
    "updated": 0
  },
  {
    "id": "f77f1c71-cd03-4b5c-acab-e97df022ccac",
    "data": [
      {
        "text": "Andrascoggin",
        "userDefined": false
      }
    ],
    "isTemplate": false,
    "count": 0,
    "lang": "en",
    "updated": 0
  },
  {
    "id": "0eb1271b-a40f-46bd-bdf3-2518623bc278",
    "data": [
      {
        "text": "Andrascogin",
        "userDefined": false
      }
    ],
    "isTemplate": false,
    "count": 0,
    "lang": "en",
    "updated": 0
  },
  {
    "id": "0d7c601a-0b37-4492-9475-4475d098096f",
    "data": [
      {
        "text": "Anderskoggin",
        "userDefined": false
      }
    ],
    "isTemplate": false,
    "count": 0,
    "lang": "en",
    "updated": 0
  },
  {
    "id": "4f327c98-01bf-4b84-91e9-de4fffa4f7d3",
    "data": [
      {
        "text": "Andeerskogin",
        "userDefined": false
      }
    ],
    "isTemplate": false,
    "count": 1,
    "lang": "en",
    "updated": 0
  },
  {
    "id": "7e83571c-164b-474c-a72c-271f4becb778",
    "data": [
      {
        "text": "Androscogen",
        "userDefined": false
      }
    ],
    "isTemplate": false,
    "count": 0,
    "lang": "en",
    "updated": 0
  },
  {
    "id": "a3da4838-24a0-4f45-bcb6-9b03032b7871",
    "data": [
      {
        "text": "Anderscogen",
        "userDefined": false
      }
    ],
    "isTemplate": false,
    "count": 0,
    "lang": "en",
    "updated": 0
  },
  {
    "id": "fddec49d-59fc-47db-aca8-49b8040f2189",
    "data": [
      {
        "text": "Androscogin",
        "userDefined": false
      }
    ],
    "isTemplate": false,
    "count": 0,
    "lang": "en",
    "updated": 0
  },
  {
    "id": "36e97bc3-8672-4d0d-bd30-a2c91a314ffc",
    "data": [
      {
        "text": "Anderscoggin",
        "userDefined": false
      }
    ],
    "isTemplate": false,
    "count": 0,
    "lang": "en",
    "updated": 0
  },
  {
    "id": "cc488eb8-124b-4c86-b97d-fdd27b9d7c52",
    "data": [
      {
        "text": "Oxford",
        "userDefined": false
      }
    ],
    "isTemplate": false,
    "count": 0,
    "lang": "en",
    "updated": 0
  },
  {
    "id": "2ba78280-e6fc-4998-95ac-c85b96cfd5e0",
    "data": [
      {
        "text": "Androscoggin",
        "userDefined": false
      }
    ],
    "isTemplate": false,
    "count": 0,
    "lang": "en",
    "updated": 0
  }
]