[
  {
    "id": "d75f3f23-24ea-403e-a532-051585ed6f03",
    "data": [
      {
        "text": "Hncock",
        "userDefined": false
      }
    ],
    "isTemplate": false,
    "count": 0,
    "lang": "en",
    "updated": 0
  },
  {
    "id": "2140888d-1653-45fa-ba96-cdfafacec18c",
    "data": [
      {
        "text": "Hancox",
        "userDefined": false
      }
    ],
    "isTemplate": false,
    "count": 0,
    "lang": "en",
    "updated": 0
  },
  {
    "id": "0468ba5f-6ce1-4e1e-a66e-f6ef1d6cd707",
    "data": [
      {
        "text": "Hancok",
        "userDefined": false
      }
    ],
    "isTemplate": false,
    "count": 0,
    "lang": "en",
    "updated": 0
  },
  {
    "id": "0a0e628b-ff76-4141-b539-6ebc99613ccf",
    "data": [
      {
        "text": "Washenton",
        "userDefined": false
      }
    ],
    "isTemplate": false,
    "count": 0,
    "lang": "en",
    "updated": 0
  },
  {
    "id": "e7e9420d-5030-4999-b37e-484050f221db",
    "data": [
      {
        "text": "Washinton",
        "userDefined": false
      }
    ],
    "isTemplate": false,
    "count": 0,
    "lang": "en",
    "updated": 0
  },
  {
    "id": "5ddb09f7-8b7f-42ca-8e7e-96ec4eb0ffe9",
    "data": [
      {
        "text": "Wshington",
        "userDefined": false
      }
    ],
    "isTemplate": false,
    "count": 0,
    "lang": "en",
    "updated": 0
  },
  {
    "id": "cfb2a9d7-2951-4ca0-ada6-decaec137885",
    "data": [
      {
        "text": "Machias",
        "userDefined": false
      }
    ],
    "isTemplate": false,
    "count": 0,
    "lang": "en",
    "updated": 0
  },
  {
    "id": "53ec41f1-39cf-4322-8eee-951a7aa9c825",
    "data": [
      {
        "text": "Ellsworth",
        "userDefined": false
      }
    ],
    "isTemplate": false,
    "count": 0,
    "lang": "en",
    "updated": 0
  },
  {
    "id": "1092ec06-d800-4fd1-83ed-3f7e8033e34e",
    "data": [
      {
        "text": "Eastport",
        "userDefined": false
      }
    ],
    "isTemplate": false,
    "count": 0,
    "lang": "en",
    "updated": 0
  },
  {
    "id": "baa35f5b-5ac9-4229-a758-77ea946f5a7b",
    "data": [
      {
        "text": "Calais",
        "userDefined": false
      }
    ],
    "isTemplate": false,
    "count": 0,
    "lang": "en",
    "updated": 0
  },
  {
    "id": "2b2d18df-ecd2-49c0-b620-666482b0eeac",
    "data": [
      {
        "text": "Hancock",
        "userDefined": false
      }
    ],
    "isTemplate": false,
    "count": 0,
    "lang": "en",
    "updated": 0
  },
  {
    "id": "7402fa4a-9625-4e4c-aaeb-7962b1db6c5d",
    "data": [
      {
        "text": "Washington",
        "userDefined": false
      }
    ],
    "isTemplate": false,
    "count": 0,
    "lang": "en",
    "updated": 0
  }
]