[
  {
    "id": "e75d7e97-ba5f-43bc-8525-cc7b544a6729",
    "data": [
      {
        "text": "Aroostick",
        "userDefined": false
      }
    ],
    "isTemplate": false,
    "count": 0,
    "lang": "en",
    "updated": 0
  },
  {
    "id": "f926aba8-4080-4029-b052-2effaa0428fa",
    "data": [
      {
        "text": "Arustick",
        "userDefined": false
      }
    ],
    "isTemplate": false,
    "count": 0,
    "lang": "en",
    "updated": 0
  },
  {
    "id": "2159b68b-47b4-411c-84d5-b7b22a5e4a69",
    "data": [
      {
        "text": "Arustook",
        "userDefined": false
      }
    ],
    "isTemplate": false,
    "count": 0,
    "lang": "en",
    "updated": 0
  },
  {
    "id": "b023d911-e95c-4c71-9607-fd10c29f0d8a",
    "data": [
      {
        "text": "Arostook",
        "userDefined": false
      }
    ],
    "isTemplate": false,
    "count": 0,
    "lang": "en",
    "updated": 0
  },
  {
    "id": "2d8ce67b-ec54-4311-90b1-b9046cb5bad9",
    "data": [
      {
        "text": "Aroostek",
        "userDefined": false
      }
    ],
    "isTemplate": false,
    "count": 0,
    "lang": "en",
    "updated": 0
  },
  {
    "id": "7aa22abf-7ccf-4de0-b958-f673d7f91cd7",
    "data": [
      {
        "text": "Aroostik",
        "userDefined": false
      }
    ],
    "isTemplate": false,
    "count": 0,
    "lang": "en",
    "updated": 0
  },
  {
    "id": "2f9898f9-ef59-4a01-bf77-4490ec6ada58",
    "data": [
      {
        "text": "Caribou",
        "userDefined": false
      }
    ],
    "isTemplate": false,
    "count": 0,
    "lang": "en",
    "updated": 0
  },
  {
    "id": "1e59d2b2-4421-41a6-8697-4716234cc347",
    "data": [
      {
        "text": "Presque Isle",
        "userDefined": false
      }
    ],
    "isTemplate": false,
    "count": 0,
    "lang": "en",
    "updated": 0
  },
  {
    "id": "b73f84d7-783b-4f59-8ef1-e764d7e3c7b9",
    "data": [
      {
        "text": "Aroostook",
        "userDefined": false
      }
    ],
    "isTemplate": false,
    "count": 0,
    "lang": "en",
    "updated": 0
  }
]