[
  {
    "id": "37f5ef50-e6d9-4c22-8fb7-23f24f8ce8cf",
    "data": [
      {
        "text": "Portland",
        "meta": "@sys.geo-city",
        "alias": "geo-city",
        "userDefined": false
      },
      {
        "text": " ",
        "userDefined": false
      },
      {
        "text": "Maine",
        "meta": "@sys.geo-state",
        "alias": "geo-state",
        "userDefined": false
      }
    ],
    "isTemplate": false,
    "count": 0,
    "lang": "en",
    "updated": 0
  },
  {
    "id": "34e718fa-0295-4c34-9d4c-d7c7dd16ba1f",
    "data": [
      {
        "text": "Standish",
        "userDefined": false
      }
    ],
    "isTemplate": false,
    "count": 0,
    "lang": "en",
    "updated": 0
  },
  {
    "id": "7bedfee4-52b3-4882-bc83-25e1b174137b",
    "data": [
      {
        "text": "Falmouth",
        "userDefined": false
      }
    ],
    "isTemplate": false,
    "count": 0,
    "lang": "en",
    "updated": 0
  },
  {
    "id": "e8207594-0b3b-4ddc-9adc-babcb92361e3",
    "data": [
      {
        "text": "Gorham",
        "userDefined": false
      }
    ],
    "isTemplate": false,
    "count": 0,
    "lang": "en",
    "updated": 0
  },
  {
    "id": "4804f6b7-1226-40a7-b79d-74b7c6e30b4a",
    "data": [
      {
        "text": "Windham",
        "userDefined": false
      }
    ],
    "isTemplate": false,
    "count": 0,
    "lang": "en",
    "updated": 0
  },
  {
    "id": "5f49a7bd-7a65-411b-9d5b-bd0c9305e879",
    "data": [
      {
        "text": "Brunswick",
        "meta": "@sys.ignore",
        "userDefined": false
      }
    ],
    "isTemplate": false,
    "count": 0,
    "lang": "en",
    "updated": 0
  },
  {
    "id": "9b304a4e-9e53-40e7-ac12-baacfd0a65d0",
    "data": [
      {
        "text": "Scarborough",
        "userDefined": false
      }
    ],
    "isTemplate": false,
    "count": 0,
    "lang": "en",
    "updated": 0
  },
  {
    "id": "1b4148ca-4ba5-4f31-978d-c996d95c7280",
    "data": [
      {
        "text": "Westbrook",
        "userDefined": false
      }
    ],
    "isTemplate": false,
    "count": 0,
    "lang": "en",
    "updated": 0
  },
  {
    "id": "ccd19788-2fc3-4a2f-9dab-ec8e04e6c698",
    "data": [
      {
        "text": "Portland",
        "meta": "@sys.ignore",
        "userDefined": false
      }
    ],
    "isTemplate": false,
    "count": 0,
    "lang": "en",
    "updated": 0
  },
  {
    "id": "eee4b83e-b3f4-4525-afd0-02cf78e6da23",
    "data": [
      {
        "text": "South Portland",
        "userDefined": false
      }
    ],
    "isTemplate": false,
    "count": 0,
    "lang": "en",
    "updated": 0
  },
  {
    "id": "9c0830b9-fd0e-4412-ad99-d4c4cd8b5961",
    "data": [
      {
        "text": "Saco",
        "userDefined": false
      }
    ],
    "isTemplate": false,
    "count": 0,
    "lang": "en",
    "updated": 0
  },
  {
    "id": "2e210824-2c88-4b64-9c38-190cd1ffa746",
    "data": [
      {
        "text": "Cumberlind",
        "userDefined": false
      }
    ],
    "isTemplate": false,
    "count": 0,
    "lang": "en",
    "updated": 0
  },
  {
    "id": "a59c4540-8027-4067-a6ac-96c8b3c28876",
    "data": [
      {
        "text": "Cumbrerlin",
        "userDefined": false
      }
    ],
    "isTemplate": false,
    "count": 0,
    "lang": "en",
    "updated": 0
  },
  {
    "id": "b4b6837b-d378-4363-8a7a-52e850923ca0",
    "data": [
      {
        "text": "Cumbraland",
        "userDefined": false
      }
    ],
    "isTemplate": false,
    "count": 0,
    "lang": "en",
    "updated": 0
  },
  {
    "id": "078c9a70-2300-4cac-8a06-0ad8f5fb5f9e",
    "data": [
      {
        "text": "Cumbaland",
        "userDefined": false
      }
    ],
    "isTemplate": false,
    "count": 0,
    "lang": "en",
    "updated": 0
  },
  {
    "id": "5444c056-1ef3-4678-be9c-ad8ef967a1b1",
    "data": [
      {
        "text": "Yrk",
        "userDefined": false
      }
    ],
    "isTemplate": false,
    "count": 0,
    "lang": "en",
    "updated": 0
  },
  {
    "id": "4ec7d543-537f-46ab-abad-bd1244884963",
    "data": [
      {
        "text": "Yprk",
        "userDefined": false
      }
    ],
    "isTemplate": false,
    "count": 0,
    "lang": "en",
    "updated": 0
  },
  {
    "id": "fd348e62-c6d9-42e3-a734-99d38094dfd1",
    "data": [
      {
        "text": "Yorke",
        "userDefined": false
      }
    ],
    "isTemplate": false,
    "count": 0,
    "lang": "en",
    "updated": 0
  },
  {
    "id": "dcfd8494-045c-4bfb-8151-43be43ab62c8",
    "data": [
      {
        "text": "Yok",
        "userDefined": false
      }
    ],
    "isTemplate": false,
    "count": 0,
    "lang": "en",
    "updated": 0
  },
  {
    "id": "9123aaea-8fb8-429e-8619-c6b33465fae1",
    "data": [
      {
        "text": "Sagdahock",
        "userDefined": false
      }
    ],
    "isTemplate": false,
    "count": 0,
    "lang": "en",
    "updated": 0
  },
  {
    "id": "b06e5be8-e3d8-4077-9215-e0a8e333679e",
    "data": [
      {
        "text": "Sagdehoc",
        "userDefined": false
      }
    ],
    "isTemplate": false,
    "count": 0,
    "lang": "en",
    "updated": 0
  },
  {
    "id": "5e46f00a-70b4-4795-b3e9-d3886c10e94b",
    "data": [
      {
        "text": "Sagdahoc",
        "userDefined": false
      }
    ],
    "isTemplate": false,
    "count": 0,
    "lang": "en",
    "updated": 0
  },
  {
    "id": "cf8269bb-279f-4581-aa0a-b11f0740d209",
    "data": [
      {
        "text": "Sagadehock",
        "userDefined": false
      }
    ],
    "isTemplate": false,
    "count": 0,
    "lang": "en",
    "updated": 0
  },
  {
    "id": "abd4c5f0-c2b2-4fd8-8ba0-d11e8f0b9379",
    "data": [
      {
        "text": "Sagedehoc",
        "userDefined": false
      }
    ],
    "isTemplate": false,
    "count": 1,
    "lang": "en",
    "updated": 0
  },
  {
    "id": "ecc7b45f-335c-4b5e-bd51-4c8fe4b88c69",
    "data": [
      {
        "text": "Sagadahock",
        "userDefined": false
      }
    ],
    "isTemplate": false,
    "count": 1,
    "lang": "en",
    "updated": 0
  },
  {
    "id": "5c4f7e0a-c895-4609-a1a7-b183835b3c08",
    "data": [
      {
        "text": "Sanford",
        "userDefined": false
      }
    ],
    "isTemplate": false,
    "count": 0,
    "lang": "en",
    "updated": 0
  },
  {
    "id": "cbd9e6e0-6df4-4005-b092-b4540a66b7ed",
    "data": [
      {
        "text": "Biddeford",
        "userDefined": false
      }
    ],
    "isTemplate": false,
    "count": 0,
    "lang": "en",
    "updated": 0
  },
  {
    "id": "f2adb5bd-8761-43ea-a7fe-24e8afe5a501",
    "data": [
      {
        "text": "Bath",
        "userDefined": false
      }
    ],
    "isTemplate": false,
    "count": 0,
    "lang": "en",
    "updated": 0
  },
  {
    "id": "a5989677-1d25-4dc0-ac33-1be198fe7909",
    "data": [
      {
        "text": "Sagadahoc",
        "userDefined": false
      }
    ],
    "isTemplate": false,
    "count": 0,
    "lang": "en",
    "updated": 0
  },
  {
    "id": "9f03ee97-1ada-4115-82e5-186534565b87",
    "data": [
      {
        "text": "York",
        "userDefined": false
      }
    ],
    "isTemplate": false,
    "count": 0,
    "lang": "en",
    "updated": 0
  },
  {
    "id": "18f6dc90-9953-4869-b23b-97dc5a97f183",
    "data": [
      {
        "text": "Cumberland",
        "userDefined": false
      }
    ],
    "isTemplate": false,
    "count": 0,
    "lang": "en",
    "updated": 0
  }
]