[
  {
    "id": "a8bed3bc-d47b-473e-9e5f-6c1573d7b7a9",
    "data": [
      {
        "text": "email address for pine tree legal in ",
        "userDefined": false
      },
      {
        "text": "Bangor",
        "meta": "@sys.geo-city",
        "alias": "geo-city",
        "userDefined": false
      }
    ],
    "isTemplate": false,
    "count": 0,
    "lang": "en",
    "updated": 0
  },
  {
    "id": "d083b0e4-1b9c-46cc-a7ef-56d721a3053a",
    "data": [
      {
        "text": "Psicataquas",
        "userDefined": false
      }
    ],
    "isTemplate": false,
    "count": 0,
    "lang": "en",
    "updated": 0
  },
  {
    "id": "a7a5fe9c-e589-416c-9028-f8e6bda1bfb4",
    "data": [
      {
        "text": "Piscattaquis",
        "userDefined": false
      }
    ],
    "isTemplate": false,
    "count": 0,
    "lang": "en",
    "updated": 0
  },
  {
    "id": "c30b6b41-45ae-402c-83e3-55f3e2016961",
    "data": [
      {
        "text": "Piscataquas",
        "userDefined": false
      }
    ],
    "isTemplate": false,
    "count": 0,
    "lang": "en",
    "updated": 0
  },
  {
    "id": "044a3f80-ceb1-43fe-8fba-a40aab7bcfbf",
    "data": [
      {
        "text": "Psicataquis",
        "userDefined": false
      }
    ],
    "isTemplate": false,
    "count": 0,
    "lang": "en",
    "updated": 0
  },
  {
    "id": "4a231a76-2a8e-4d48-8c39-2f24fd6fb997",
    "data": [
      {
        "text": "Picataquis",
        "userDefined": false
      }
    ],
    "isTemplate": false,
    "count": 0,
    "lang": "en",
    "updated": 0
  },
  {
    "id": "4078bf32-6716-4da2-bb84-ab2bd40b7210",
    "data": [
      {
        "text": "Piskataquiz",
        "userDefined": false
      }
    ],
    "isTemplate": false,
    "count": 0,
    "lang": "en",
    "updated": 0
  },
  {
    "id": "9736c6f9-e1f4-4184-bffa-e43b2ed7b84e",
    "data": [
      {
        "text": "Peskataquis",
        "userDefined": false
      }
    ],
    "isTemplate": false,
    "count": 0,
    "lang": "en",
    "updated": 0
  },
  {
    "id": "17760c93-5278-4ab7-b7a6-7ca982f5542a",
    "data": [
      {
        "text": "Piskataquis",
        "userDefined": false
      }
    ],
    "isTemplate": false,
    "count": 0,
    "lang": "en",
    "updated": 0
  },
  {
    "id": "943d96a2-4237-4af5-9fb9-5fd014190a28",
    "data": [
      {
        "text": "Piscataquist",
        "userDefined": false
      }
    ],
    "isTemplate": false,
    "count": 0,
    "lang": "en",
    "updated": 0
  },
  {
    "id": "2f059043-cf3f-453f-a569-393824802f67",
    "data": [
      {
        "text": "Piscataquiss",
        "userDefined": false
      }
    ],
    "isTemplate": false,
    "count": 0,
    "lang": "en",
    "updated": 0
  },
  {
    "id": "0adabebc-bcba-4739-97dd-241cf53a588d",
    "data": [
      {
        "text": "Pisataquis",
        "userDefined": false
      }
    ],
    "isTemplate": false,
    "count": 0,
    "lang": "en",
    "updated": 0
  },
  {
    "id": "e6d06c33-521f-4315-9e23-b51d568f1878",
    "data": [
      {
        "text": "Pisscataquis",
        "userDefined": false
      }
    ],
    "isTemplate": false,
    "count": 0,
    "lang": "en",
    "updated": 0
  },
  {
    "id": "7bedbe83-c901-42a6-bf6b-d4f7140a48a3",
    "data": [
      {
        "text": "Wald",
        "userDefined": false
      }
    ],
    "isTemplate": false,
    "count": 0,
    "lang": "en",
    "updated": 0
  },
  {
    "id": "970c63d4-e823-4328-812d-c2275472c237",
    "data": [
      {
        "text": "Walldo",
        "userDefined": false
      }
    ],
    "isTemplate": false,
    "count": 0,
    "lang": "en",
    "updated": 0
  },
  {
    "id": "f0485de5-b604-462e-a948-65efbb44ce33",
    "data": [
      {
        "text": "Wldo",
        "userDefined": false
      }
    ],
    "isTemplate": false,
    "count": 0,
    "lang": "en",
    "updated": 0
  },
  {
    "id": "9d1e9273-7e18-4b52-a8de-d41727327563",
    "data": [
      {
        "text": "Penoskot",
        "userDefined": false
      }
    ],
    "isTemplate": false,
    "count": 1,
    "lang": "en",
    "updated": 0
  },
  {
    "id": "1ca8a9e6-bc09-4964-bdb1-033dafaaedf6",
    "data": [
      {
        "text": "Penbscot",
        "userDefined": false
      }
    ],
    "isTemplate": false,
    "count": 0,
    "lang": "en",
    "updated": 0
  },
  {
    "id": "dd94b3bf-5b7b-42a8-85ca-fec538cec4ba",
    "data": [
      {
        "text": "Pnobscot",
        "userDefined": false
      }
    ],
    "isTemplate": false,
    "count": 0,
    "lang": "en",
    "updated": 0
  },
  {
    "id": "a87ca984-3f6b-4ae8-8eb1-575cede9ef20",
    "data": [
      {
        "text": "Penobscott",
        "userDefined": false
      }
    ],
    "isTemplate": false,
    "count": 0,
    "lang": "en",
    "updated": 0
  },
  {
    "id": "c185f9df-1a84-441c-90bb-d669a445a8a7",
    "data": [
      {
        "text": "Penobskot",
        "userDefined": false
      }
    ],
    "isTemplate": false,
    "count": 0,
    "lang": "en",
    "updated": 0
  },
  {
    "id": "55c22df5-4a9a-4042-84c0-e252a502f65a",
    "data": [
      {
        "text": "Orono",
        "userDefined": false
      }
    ],
    "isTemplate": false,
    "count": 0,
    "lang": "en",
    "updated": 0
  },
  {
    "id": "c88d83ed-afde-4461-a596-fc5d8910455b",
    "data": [
      {
        "text": "Old Town",
        "userDefined": false
      }
    ],
    "isTemplate": false,
    "count": 0,
    "lang": "en",
    "updated": 0
  },
  {
    "id": "df4f35cc-d801-477e-9d0a-3fb96077c568",
    "data": [
      {
        "text": "Brewer",
        "userDefined": false
      }
    ],
    "isTemplate": false,
    "count": 0,
    "lang": "en",
    "updated": 0
  },
  {
    "id": "5dc5199c-137d-4970-9b33-fb704c2cdfd6",
    "data": [
      {
        "text": "Waldo",
        "userDefined": false
      }
    ],
    "isTemplate": false,
    "count": 0,
    "lang": "en",
    "updated": 0
  },
  {
    "id": "236f852e-fdd2-41a4-ab30-25d4b24141c5",
    "data": [
      {
        "text": "Piscataquis",
        "userDefined": false
      }
    ],
    "isTemplate": false,
    "count": 0,
    "lang": "en",
    "updated": 0
  },
  {
    "id": "35d46d08-5e69-4cde-afe8-aec7d16be63f",
    "data": [
      {
        "text": "Penobscot",
        "userDefined": false
      }
    ],
    "isTemplate": false,
    "count": 0,
    "lang": "en",
    "updated": 0
  },
  {
    "id": "e51df1b8-e635-463e-a435-35951a0bf24a",
    "data": [
      {
        "text": "Bangor",
        "userDefined": false
      }
    ],
    "isTemplate": false,
    "count": 0,
    "lang": "en",
    "updated": 0
  }
]