[
  {
    "id": "947c7eae-93d7-4116-b1e0-5efcb1ba1727",
    "data": [
      {
        "text": "immigration",
        "userDefined": false
      }
    ],
    "isTemplate": false,
    "count": 0,
    "lang": "en",
    "updated": 0
  },
  {
    "id": "89471f75-a132-4c6e-8933-847d0c8b49f8",
    "data": [
      {
        "text": "TPS",
        "userDefined": false
      }
    ],
    "isTemplate": false,
    "count": 0,
    "lang": "en",
    "updated": 0
  },
  {
    "id": "79e35d5f-1976-4064-9dd5-1e81e18a4d66",
    "data": [
      {
        "text": "temporary protected status",
        "userDefined": false
      }
    ],
    "isTemplate": false,
    "count": 0,
    "lang": "en",
    "updated": 0
  },
  {
    "id": "65cd2cd2-733c-4ffb-9f13-2e678995a759",
    "data": [
      {
        "text": "DACA",
        "userDefined": false
      }
    ],
    "isTemplate": false,
    "count": 0,
    "lang": "en",
    "updated": 0
  }
]