[
  {
    "id": "db613887-82e7-481c-9384-faec5c496a99",
    "data": [
      {
        "text": "is american indian can cross canadian border during covid-19",
        "userDefined": false
      }
    ],
    "isTemplate": false,
    "count": 0,
    "lang": "en",
    "updated": 0
  },
  {
    "id": "047f91ad-fdfa-492b-94f9-aa7b1fb21e7b",
    "data": [
      {
        "text": "my Indian statue USA",
        "userDefined": false
      }
    ],
    "isTemplate": false,
    "count": 0,
    "lang": "en",
    "updated": 0
  },
  {
    "id": "d6128f58-541d-4d02-a4fe-bff5cbdac776",
    "data": [
      {
        "text": "how do i get my Indian statues in USA",
        "userDefined": false
      }
    ],
    "isTemplate": false,
    "count": 0,
    "lang": "en",
    "updated": 0
  },
  {
    "id": "78f2e996-f8e5-4923-9751-2e74c74f5202",
    "data": [
      {
        "text": "tribal rights",
        "userDefined": false
      }
    ],
    "isTemplate": false,
    "count": 0,
    "lang": "en",
    "updated": 0
  },
  {
    "id": "d285244b-b5df-4498-ad81-793df125cf20",
    "data": [
      {
        "text": "Fyke",
        "userDefined": false
      }
    ],
    "isTemplate": false,
    "count": 0,
    "lang": "en",
    "updated": 0
  },
  {
    "id": "f58b2ee3-c922-4bfc-871f-3522f4dc3cce",
    "data": [
      {
        "text": "Township",
        "userDefined": false
      }
    ],
    "isTemplate": false,
    "count": 0,
    "lang": "en",
    "updated": 0
  },
  {
    "id": "1a825bfb-9e3a-41b5-8b4e-4f1781951ca9",
    "data": [
      {
        "text": "Sipayik",
        "userDefined": false
      }
    ],
    "isTemplate": false,
    "count": 1,
    "lang": "en",
    "updated": 0
  },
  {
    "id": "f1852581-d7dc-43d4-8a26-e4a6da841922",
    "data": [
      {
        "text": "Barrens",
        "userDefined": false
      }
    ],
    "isTemplate": false,
    "count": 0,
    "lang": "en",
    "updated": 0
  },
  {
    "id": "a3bcbc38-eb0b-49ed-8bc1-cb7e750e6210",
    "data": [
      {
        "text": "Tobique",
        "userDefined": false
      }
    ],
    "isTemplate": false,
    "count": 0,
    "lang": "en",
    "updated": 0
  },
  {
    "id": "b6984ef4-295c-4e99-96a7-bddad5f7d8c1",
    "data": [
      {
        "text": "canada",
        "meta": "@sys.ignore",
        "userDefined": false
      }
    ],
    "isTemplate": false,
    "count": 0,
    "lang": "en",
    "updated": 0
  },
  {
    "id": "8a207c16-adef-48ce-a665-921b10d29665",
    "data": [
      {
        "text": "border",
        "userDefined": false
      }
    ],
    "isTemplate": false,
    "count": 0,
    "lang": "en",
    "updated": 0
  },
  {
    "id": "4007b0e7-18fa-450c-b9a2-f3e4f29f9351",
    "data": [
      {
        "text": "fishing rights",
        "userDefined": false
      }
    ],
    "isTemplate": false,
    "count": 0,
    "lang": "en",
    "updated": 0
  },
  {
    "id": "baf6e39d-c52d-411a-bffb-2fea7dd0f283",
    "data": [
      {
        "text": "elder",
        "userDefined": false
      }
    ],
    "isTemplate": false,
    "count": 0,
    "lang": "en",
    "updated": 0
  },
  {
    "id": "4b8e1772-85f9-4f26-86ae-b82b8e8db1af",
    "data": [
      {
        "text": "elver",
        "userDefined": false
      }
    ],
    "isTemplate": false,
    "count": 0,
    "lang": "en",
    "updated": 0
  },
  {
    "id": "ac1f8bd2-be1a-4d6e-a5fb-94c65634413f",
    "data": [
      {
        "text": "elvers",
        "userDefined": false
      }
    ],
    "isTemplate": false,
    "count": 0,
    "lang": "en",
    "updated": 0
  },
  {
    "id": "7b234f59-0ca8-4e42-be78-6c8574543fa5",
    "data": [
      {
        "text": "elders",
        "userDefined": false
      }
    ],
    "isTemplate": false,
    "count": 0,
    "lang": "en",
    "updated": 0
  },
  {
    "id": "c98ec3cd-ca56-4af4-b90f-92b680ae4c68",
    "data": [
      {
        "text": "blood quantum",
        "userDefined": false
      }
    ],
    "isTemplate": false,
    "count": 0,
    "lang": "en",
    "updated": 0
  },
  {
    "id": "fb1a6a37-8ab6-443b-9857-6bb7f742195e",
    "data": [
      {
        "text": "pow-wow",
        "userDefined": false
      }
    ],
    "isTemplate": false,
    "count": 0,
    "lang": "en",
    "updated": 0
  },
  {
    "id": "5b66f066-18b5-467d-9325-fa8916eaab5e",
    "data": [
      {
        "text": "ceremony",
        "userDefined": false
      }
    ],
    "isTemplate": false,
    "count": 0,
    "lang": "en",
    "updated": 0
  },
  {
    "id": "43395c22-87f3-4db9-bfc9-61b2d3781fcc",
    "data": [
      {
        "text": "gathering",
        "userDefined": false
      }
    ],
    "isTemplate": false,
    "count": 0,
    "lang": "en",
    "updated": 0
  },
  {
    "id": "086b49ae-54b0-4482-a06e-1487d2186b1c",
    "data": [
      {
        "text": "land claim",
        "userDefined": false
      }
    ],
    "isTemplate": false,
    "count": 0,
    "lang": "en",
    "updated": 0
  },
  {
    "id": "c6fae490-60af-4fc4-8a77-463f35cd7837",
    "data": [
      {
        "text": "enrolled member",
        "userDefined": false
      }
    ],
    "isTemplate": false,
    "count": 0,
    "lang": "en",
    "updated": 0
  },
  {
    "id": "e8d82974-d954-4d60-ada9-29b1425fbfde",
    "data": [
      {
        "text": "ICWA",
        "userDefined": false
      }
    ],
    "isTemplate": false,
    "count": 0,
    "lang": "en",
    "updated": 0
  },
  {
    "id": "1877981d-c207-42f6-bcd7-9d7bcba608f4",
    "data": [
      {
        "text": "Quinnehtukqut",
        "userDefined": false
      }
    ],
    "isTemplate": false,
    "count": 0,
    "lang": "en",
    "updated": 0
  },
  {
    "id": "f0c9bf9c-66c1-479e-9c12-7661f48dfc82",
    "data": [
      {
        "text": "Passamaquoddy",
        "userDefined": false
      }
    ],
    "isTemplate": false,
    "count": 0,
    "lang": "en",
    "updated": 0
  },
  {
    "id": "f3ab2f48-6464-4b07-be79-389e72ec57fe",
    "data": [
      {
        "text": "Penobscot",
        "userDefined": false
      }
    ],
    "isTemplate": false,
    "count": 0,
    "lang": "en",
    "updated": 0
  },
  {
    "id": "39660933-66b4-4549-85da-51b89d4cf9f0",
    "data": [
      {
        "text": "Maliseet",
        "userDefined": false
      }
    ],
    "isTemplate": false,
    "count": 0,
    "lang": "en",
    "updated": 0
  },
  {
    "id": "654bc717-8baf-45af-bbf7-ab08c4a5d465",
    "data": [
      {
        "text": "Micmac",
        "userDefined": false
      }
    ],
    "isTemplate": false,
    "count": 0,
    "lang": "en",
    "updated": 0
  },
  {
    "id": "19f024fa-7dbc-4bc8-bdce-405f404416d6",
    "data": [
      {
        "text": "Jay Treaty",
        "userDefined": false
      }
    ],
    "isTemplate": false,
    "count": 0,
    "lang": "en",
    "updated": 0
  },
  {
    "id": "444d6903-c749-4ec1-a769-bdb32ce2e9d9",
    "data": [
      {
        "text": "Wabanaki",
        "userDefined": false
      }
    ],
    "isTemplate": false,
    "count": 0,
    "lang": "en",
    "updated": 0
  },
  {
    "id": "86227ca3-71b2-42bf-b16c-36fb441719b1",
    "data": [
      {
        "text": "Native",
        "userDefined": false
      }
    ],
    "isTemplate": false,
    "count": 0,
    "lang": "en",
    "updated": 0
  },
  {
    "id": "ea3139d9-4314-40bc-a5ee-0ecbeccca1cf",
    "data": [
      {
        "text": "Indian",
        "userDefined": false
      }
    ],
    "isTemplate": false,
    "count": 0,
    "lang": "en",
    "updated": 0
  },
  {
    "id": "3fc1276a-ce87-4fe7-bce2-eea2c0d690a4",
    "data": [
      {
        "text": "tribe",
        "userDefined": false
      }
    ],
    "isTemplate": false,
    "count": 0,
    "lang": "en",
    "updated": 0
  },
  {
    "id": "2028de36-c9a4-469a-ae81-426c96eabf12",
    "data": [
      {
        "text": "tribal",
        "userDefined": false
      }
    ],
    "isTemplate": false,
    "count": 0,
    "lang": "en",
    "updated": 0
  }
]