[
  {
    "id": "3d8a6d83-a940-4511-a408-7674783726ec",
    "data": [
      {
        "text": "Translator",
        "userDefined": false
      }
    ],
    "isTemplate": false,
    "count": 0,
    "lang": "en",
    "updated": 0
  },
  {
    "id": "816c0143-3765-492e-a6c9-ad144de745c8",
    "data": [
      {
        "text": "Interpreter",
        "userDefined": false
      }
    ],
    "isTemplate": false,
    "count": 0,
    "lang": "en",
    "updated": 0
  },
  {
    "id": "6b4b89af-542e-4b78-8ec7-6176f6586fb1",
    "data": [
      {
        "text": "Tiếng Việt",
        "userDefined": false
      }
    ],
    "isTemplate": false,
    "count": 0,
    "lang": "en",
    "updated": 0
  },
  {
    "id": "ff206d8f-2244-4cd7-8abd-1913218905d4",
    "data": [
      {
        "text": "Vietnamese",
        "userDefined": false
      }
    ],
    "isTemplate": false,
    "count": 0,
    "lang": "en",
    "updated": 0
  },
  {
    "id": "646586c6-0ffe-4900-b245-d66111e4a021",
    "data": [
      {
        "text": "Tagalog",
        "userDefined": false
      }
    ],
    "isTemplate": false,
    "count": 0,
    "lang": "en",
    "updated": 0
  },
  {
    "id": "edfdc921-135c-4639-a85a-50372641ea8e",
    "data": [
      {
        "text": "普通话 [普通話]",
        "userDefined": false
      }
    ],
    "isTemplate": false,
    "count": 0,
    "lang": "en",
    "updated": 0
  },
  {
    "id": "946efe6a-b501-47ab-be58-cb96d181fedf",
    "data": [
      {
        "text": "广州话 [廣州話]",
        "userDefined": false
      }
    ],
    "isTemplate": false,
    "count": 0,
    "lang": "en",
    "updated": 0
  },
  {
    "id": "0e61dbe9-5755-4edb-a038-250bf42b37c2",
    "data": [
      {
        "text": "Cantonese",
        "userDefined": false
      }
    ],
    "isTemplate": false,
    "count": 0,
    "lang": "en",
    "updated": 0
  },
  {
    "id": "ec3f5ab8-1d1a-49fe-b552-56424bfbca29",
    "data": [
      {
        "text": "Mandarin",
        "userDefined": false
      }
    ],
    "isTemplate": false,
    "count": 0,
    "lang": "en",
    "updated": 0
  },
  {
    "id": "2dcafc77-12fe-450a-bc44-d31f641f267a",
    "data": [
      {
        "text": "Chinese",
        "userDefined": false
      }
    ],
    "isTemplate": false,
    "count": 0,
    "lang": "en",
    "updated": 0
  },
  {
    "id": "1409fb50-4cf7-431b-9a25-28910745c7e0",
    "data": [
      {
        "text": "français",
        "userDefined": false
      }
    ],
    "isTemplate": false,
    "count": 0,
    "lang": "en",
    "updated": 0
  },
  {
    "id": "3db47c56-2ac6-4131-90ef-4f6e92ec9993",
    "data": [
      {
        "text": "French",
        "userDefined": false
      }
    ],
    "isTemplate": false,
    "count": 0,
    "lang": "en",
    "updated": 0
  },
  {
    "id": "20966bf6-69cf-40c9-9bff-24105c3bd34f",
    "data": [
      {
        "text": "العربية",
        "userDefined": false
      }
    ],
    "isTemplate": false,
    "count": 0,
    "lang": "en",
    "updated": 0
  },
  {
    "id": "457114d9-bc2a-4250-ab9b-649e6e03984a",
    "data": [
      {
        "text": "Arabic",
        "userDefined": false
      }
    ],
    "isTemplate": false,
    "count": 0,
    "lang": "en",
    "updated": 0
  },
  {
    "id": "39143fec-265a-4944-a648-9cd3be9012f1",
    "data": [
      {
        "text": "español",
        "userDefined": false
      }
    ],
    "isTemplate": false,
    "count": 0,
    "lang": "en",
    "updated": 0
  },
  {
    "id": "bb3758b0-c9bd-4fdb-8fcd-2d77777db7db",
    "data": [
      {
        "text": "Spanish",
        "userDefined": false
      }
    ],
    "isTemplate": false,
    "count": 0,
    "lang": "en",
    "updated": 0
  }
]