[
  {
    "id": "bfa49cc7-22c4-40dd-a753-88c7cffeb18a",
    "data": [
      {
        "text": "Is that the address I send my request for a waiver even if i filed for unemployment through ",
        "userDefined": false
      },
      {
        "text": "wisconsin",
        "meta": "@sys.geo-state",
        "alias": "geo-state",
        "userDefined": false
      },
      {
        "text": "?",
        "userDefined": false
      }
    ],
    "isTemplate": false,
    "count": 0,
    "lang": "en",
    "updated": 0
  },
  {
    "id": "3e8dedd4-af4f-4987-acc4-173efd05e00c",
    "data": [
      {
        "text": "Do you assist residents in Macon County, Alabama",
        "userDefined": false
      }
    ],
    "isTemplate": false,
    "count": 0,
    "lang": "en",
    "updated": 0
  },
  {
    "id": "b188a2b8-db78-4aa8-aac5-056da43c0350",
    "data": [
      {
        "text": "Alabama",
        "meta": "@NonMaineState",
        "alias": "NonMaineState",
        "userDefined": true
      }
    ],
    "isTemplate": false,
    "count": 0,
    "lang": "en",
    "updated": 0
  },
  {
    "id": "a95682ce-f6c6-4bd6-bc4a-9e8c28a9d31b",
    "data": [
      {
        "text": "I am in ",
        "userDefined": false
      },
      {
        "text": "Alabama",
        "meta": "@NonMaineState",
        "alias": "NonMaineState",
        "userDefined": true
      }
    ],
    "isTemplate": false,
    "count": 0,
    "lang": "en",
    "updated": 0
  },
  {
    "id": "4ca8b08d-9ba8-4332-ba9a-94769eee33cc",
    "data": [
      {
        "text": "Do you help with issues in ",
        "userDefined": false
      },
      {
        "text": "Alabama",
        "meta": "@NonMaineState",
        "alias": "NonMaineState",
        "userDefined": true
      },
      {
        "text": "?",
        "userDefined": false
      }
    ],
    "isTemplate": false,
    "count": 0,
    "lang": "en",
    "updated": 0
  },
  {
    "id": "d247dd55-1044-45de-9e3f-04362034aa11",
    "data": [
      {
        "text": "Can you help with issues in ",
        "userDefined": false
      },
      {
        "text": "Alabama",
        "meta": "@NonMaineState",
        "alias": "NonMaineState",
        "userDefined": true
      }
    ],
    "isTemplate": false,
    "count": 0,
    "lang": "en",
    "updated": 0
  }
]