[
  {
    "id": "1e4ddbce-c2c8-4020-9148-bbe5c3eb2f16",
    "data": [
      {
        "text": "can landlord charge late fee for rent",
        "userDefined": false
      }
    ],
    "isTemplate": false,
    "count": 0,
    "lang": "en",
    "updated": 0
  },
  {
    "id": "6a99ce85-332f-4c26-99cf-c1871929ccda",
    "data": [
      {
        "text": "can my landlord charge me a late fee",
        "userDefined": false
      }
    ],
    "isTemplate": false,
    "count": 0,
    "lang": "en",
    "updated": 0
  },
  {
    "id": "81b6d2f4-e263-42c0-829c-ca3de91fe4cf",
    "data": [
      {
        "text": "Eviction",
        "userDefined": false
      }
    ],
    "isTemplate": false,
    "count": 0,
    "lang": "en",
    "updated": 0
  },
  {
    "id": "e259af99-f302-4b97-8e3f-f14a065088d6",
    "data": [
      {
        "text": "Hello ... my question is I’m paying rent to my landlord ... he says he sold his unit to his Son ... and wants me out...due to the pandemic and my money resource this has almost been impossible ...paying rent takes up most of my pay....",
        "userDefined": false
      }
    ],
    "isTemplate": false,
    "count": 0,
    "lang": "en",
    "updated": 0
  },
  {
    "id": "29211f96-3696-4784-893c-68de90507305",
    "data": [
      {
        "text": "I’m at a lose.... most people are not paying rent and I am",
        "userDefined": false
      }
    ],
    "isTemplate": false,
    "count": 0,
    "lang": "en",
    "updated": 0
  },
  {
    "id": "b7926995-2eb1-43fa-a907-f1a92e89df21",
    "data": [
      {
        "text": "Can a lawyer hold a tenant responsible for legal fees from an eviction with a court ordered extension",
        "userDefined": false
      }
    ],
    "isTemplate": false,
    "count": 0,
    "lang": "en",
    "updated": 0
  },
  {
    "id": "e6f45e18-61bd-4487-93d0-4d83dcf6e8d7",
    "data": [
      {
        "text": "rental relief",
        "userDefined": false
      }
    ],
    "isTemplate": false,
    "count": 0,
    "lang": "en",
    "updated": 0
  },
  {
    "id": "43cc414a-23a5-4ffb-b553-f8d9f6afc404",
    "data": [
      {
        "text": "my landlord is being unaccpetable",
        "userDefined": false
      }
    ],
    "isTemplate": false,
    "count": 0,
    "lang": "en",
    "updated": 0
  },
  {
    "id": "dcc49f3f-2d8e-4774-b8c6-43e3f92d1008",
    "data": [
      {
        "text": "my landlord is trying to say we are only alllowed ",
        "userDefined": false
      },
      {
        "text": "5",
        "meta": "@sys.ignore",
        "userDefined": false
      },
      {
        "text": " guest ",
        "userDefined": false
      },
      {
        "text": "a day",
        "meta": "@sys.ignore",
        "userDefined": false
      }
    ],
    "isTemplate": false,
    "count": 0,
    "lang": "en",
    "updated": 0
  },
  {
    "id": "b1ed88ea-27d1-406a-9999-1df427e6c823",
    "data": [
      {
        "text": "does the landlord have the right to cut the power",
        "userDefined": false
      }
    ],
    "isTemplate": false,
    "count": 0,
    "lang": "en",
    "updated": 0
  },
  {
    "id": "866643da-23f3-45c3-8731-e1e36b0207f3",
    "data": [
      {
        "text": "security deposit",
        "userDefined": false
      }
    ],
    "isTemplate": false,
    "count": 0,
    "lang": "en",
    "updated": 0
  },
  {
    "id": "a56e0c10-bd64-488d-a1d8-e043abed4f31",
    "data": [
      {
        "text": "pet",
        "userDefined": false
      }
    ],
    "isTemplate": false,
    "count": 0,
    "lang": "en",
    "updated": 0
  },
  {
    "id": "a82477f2-4693-4c63-913b-64e58806089c",
    "data": [
      {
        "text": "emotional support animal",
        "userDefined": false
      }
    ],
    "isTemplate": false,
    "count": 1,
    "lang": "en",
    "updated": 0
  },
  {
    "id": "fada3675-bf36-4b3a-82a2-6631120d4f4f",
    "data": [
      {
        "text": "service animal",
        "userDefined": false
      }
    ],
    "isTemplate": false,
    "count": 0,
    "lang": "en",
    "updated": 0
  },
  {
    "id": "78b1121b-3a66-4549-b0aa-dc88d2224f07",
    "data": [
      {
        "text": "dog",
        "userDefined": false
      }
    ],
    "isTemplate": false,
    "count": 0,
    "lang": "en",
    "updated": 0
  },
  {
    "id": "b32c50d2-e277-45d6-b269-48fa90874f6a",
    "data": [
      {
        "text": "renters rights",
        "userDefined": false
      }
    ],
    "isTemplate": false,
    "count": 0,
    "lang": "en",
    "updated": 0
  },
  {
    "id": "145e41d7-5359-4f3b-bef1-08257de69479",
    "data": [
      {
        "text": "landlord rights",
        "userDefined": false
      }
    ],
    "isTemplate": false,
    "count": 0,
    "lang": "en",
    "updated": 0
  },
  {
    "id": "f18ecb59-75ee-4fb5-966c-5227ac56226d",
    "data": [
      {
        "text": "tenants rights",
        "userDefined": false
      }
    ],
    "isTemplate": false,
    "count": 0,
    "lang": "en",
    "updated": 0
  },
  {
    "id": "06873f14-b34a-4852-80af-895debe294c8",
    "data": [
      {
        "text": "tenant rights",
        "userDefined": false
      }
    ],
    "isTemplate": false,
    "count": 0,
    "lang": "en",
    "updated": 0
  },
  {
    "id": "07f23eff-9592-496f-80e0-58d4e82dce1f",
    "data": [
      {
        "text": "housing",
        "userDefined": false
      }
    ],
    "isTemplate": false,
    "count": 0,
    "lang": "en",
    "updated": 0
  },
  {
    "id": "1e8794e5-9717-4028-9d02-2efe4cb07bee",
    "data": [
      {
        "text": "section ",
        "userDefined": false
      },
      {
        "text": "eight",
        "meta": "@sys.ignore",
        "userDefined": false
      }
    ],
    "isTemplate": false,
    "count": 1,
    "lang": "en",
    "updated": 0
  },
  {
    "id": "8259a098-071e-4039-8832-9ff4bf8784eb",
    "data": [
      {
        "text": "section ",
        "userDefined": false
      },
      {
        "text": "8",
        "meta": "@sys.ignore",
        "userDefined": false
      }
    ],
    "isTemplate": false,
    "count": 0,
    "lang": "en",
    "updated": 0
  },
  {
    "id": "174c6a1c-77ae-497c-93a9-2a6921a1a4df",
    "data": [
      {
        "text": "door",
        "userDefined": false
      }
    ],
    "isTemplate": false,
    "count": 0,
    "lang": "en",
    "updated": 0
  },
  {
    "id": "6117b405-1149-45db-be56-509fb03077e8",
    "data": [
      {
        "text": "lock",
        "userDefined": false
      }
    ],
    "isTemplate": false,
    "count": 0,
    "lang": "en",
    "updated": 0
  },
  {
    "id": "3ab1b72a-158b-4f44-a7aa-89af9e775f0f",
    "data": [
      {
        "text": "roof",
        "userDefined": false
      }
    ],
    "isTemplate": false,
    "count": 0,
    "lang": "en",
    "updated": 0
  },
  {
    "id": "74453ce1-7b53-4406-bd41-900eca7f671f",
    "data": [
      {
        "text": "leaking",
        "userDefined": false
      }
    ],
    "isTemplate": false,
    "count": 0,
    "lang": "en",
    "updated": 0
  },
  {
    "id": "5956065c-d14b-4ed0-87a0-619a95106c37",
    "data": [
      {
        "text": "leaks",
        "userDefined": false
      }
    ],
    "isTemplate": false,
    "count": 0,
    "lang": "en",
    "updated": 0
  },
  {
    "id": "6ceecad7-c052-426a-936e-67e40983118f",
    "data": [
      {
        "text": "bath",
        "userDefined": false
      }
    ],
    "isTemplate": false,
    "count": 0,
    "lang": "en",
    "updated": 0
  },
  {
    "id": "0d8669f0-1306-4fdc-a641-248eb25a30ef",
    "data": [
      {
        "text": "heat",
        "userDefined": false
      }
    ],
    "isTemplate": false,
    "count": 0,
    "lang": "en",
    "updated": 0
  },
  {
    "id": "fc414beb-96b3-4c8e-b4f3-c9173307224e",
    "data": [
      {
        "text": "shut off",
        "userDefined": false
      }
    ],
    "isTemplate": false,
    "count": 0,
    "lang": "en",
    "updated": 0
  },
  {
    "id": "8138066d-70fc-468b-b57c-256f37a48711",
    "data": [
      {
        "text": "electricity",
        "userDefined": false
      }
    ],
    "isTemplate": false,
    "count": 0,
    "lang": "en",
    "updated": 0
  },
  {
    "id": "9bd43b66-5609-41d3-9798-b48dea20d642",
    "data": [
      {
        "text": "toilet",
        "userDefined": false
      }
    ],
    "isTemplate": false,
    "count": 0,
    "lang": "en",
    "updated": 0
  },
  {
    "id": "1fea512d-84df-4292-a66e-aa4fc5fe4c58",
    "data": [
      {
        "text": "shower",
        "userDefined": false
      }
    ],
    "isTemplate": false,
    "count": 0,
    "lang": "en",
    "updated": 0
  },
  {
    "id": "2b3bb673-3e73-4d93-8039-49e27d036921",
    "data": [
      {
        "text": "evicted",
        "userDefined": false
      }
    ],
    "isTemplate": false,
    "count": 0,
    "lang": "en",
    "updated": 0
  },
  {
    "id": "ad472ac3-6ebc-4a00-a3fd-b08fa0602113",
    "data": [
      {
        "text": "pests",
        "userDefined": false
      }
    ],
    "isTemplate": false,
    "count": 1,
    "lang": "en",
    "updated": 0
  },
  {
    "id": "151cca53-c5c9-4978-a5f3-ff3736e66f37",
    "data": [
      {
        "text": "bugs",
        "userDefined": false
      }
    ],
    "isTemplate": false,
    "count": 0,
    "lang": "en",
    "updated": 0
  },
  {
    "id": "fdd84511-a393-403e-b9ef-6f509b2d0d0c",
    "data": [
      {
        "text": "pets",
        "userDefined": false
      }
    ],
    "isTemplate": false,
    "count": 0,
    "lang": "en",
    "updated": 0
  },
  {
    "id": "25d2cc5a-b8e6-40d2-bfa1-7834f1761bc6",
    "data": [
      {
        "text": "cockroaches",
        "userDefined": false
      }
    ],
    "isTemplate": false,
    "count": 0,
    "lang": "en",
    "updated": 0
  },
  {
    "id": "e2ec6423-da3f-47ba-b9a9-4d6369783301",
    "data": [
      {
        "text": "repair",
        "userDefined": false
      }
    ],
    "isTemplate": false,
    "count": 0,
    "lang": "en",
    "updated": 0
  },
  {
    "id": "35470f16-ef7d-46db-b9e2-587790f447ff",
    "data": [
      {
        "text": "notice to quit",
        "userDefined": false
      }
    ],
    "isTemplate": false,
    "count": 0,
    "lang": "en",
    "updated": 0
  },
  {
    "id": "a990b62a-9494-48ef-88df-0b3a1328c2b6",
    "data": [
      {
        "text": "changed the locks",
        "userDefined": false
      }
    ],
    "isTemplate": false,
    "count": 0,
    "lang": "en",
    "updated": 0
  },
  {
    "id": "d6805bbb-3025-405f-9d64-0e188969c590",
    "data": [
      {
        "text": "change locks",
        "userDefined": false
      }
    ],
    "isTemplate": false,
    "count": 0,
    "lang": "en",
    "updated": 0
  },
  {
    "id": "4224fed1-953f-4141-98ad-eb3e04b0dd3e",
    "data": [
      {
        "text": "locking",
        "userDefined": false
      }
    ],
    "isTemplate": false,
    "count": 0,
    "lang": "en",
    "updated": 0
  },
  {
    "id": "901c082f-b372-4031-a5d4-4d871ed07fcb",
    "data": [
      {
        "text": "lockout",
        "userDefined": false
      }
    ],
    "isTemplate": false,
    "count": 0,
    "lang": "en",
    "updated": 0
  },
  {
    "id": "0e0a47d3-06e1-462d-95c2-2b82833d177c",
    "data": [
      {
        "text": "locked",
        "userDefined": false
      }
    ],
    "isTemplate": false,
    "count": 0,
    "lang": "en",
    "updated": 0
  },
  {
    "id": "ddd686a1-7a6d-4b95-b796-f7d46644230a",
    "data": [
      {
        "text": "leasing",
        "userDefined": false
      }
    ],
    "isTemplate": false,
    "count": 0,
    "lang": "en",
    "updated": 0
  },
  {
    "id": "53bab444-0c00-4879-ae46-64fe76aedebf",
    "data": [
      {
        "text": "renting",
        "userDefined": false
      }
    ],
    "isTemplate": false,
    "count": 0,
    "lang": "en",
    "updated": 0
  },
  {
    "id": "06ea8d1c-b796-40e5-8acc-174c82ea2d6c",
    "data": [
      {
        "text": "\"move out\"",
        "userDefined": false
      }
    ],
    "isTemplate": false,
    "count": 0,
    "lang": "en",
    "updated": 0
  },
  {
    "id": "0afe8b2e-62be-4f1d-a3c7-7a2086c6f4d7",
    "data": [
      {
        "text": "non-payment",
        "userDefined": false
      }
    ],
    "isTemplate": false,
    "count": 0,
    "lang": "en",
    "updated": 0
  },
  {
    "id": "a2aba8f8-dd09-4e44-91c8-4d1294f4eb1e",
    "data": [
      {
        "text": "rent",
        "userDefined": false
      }
    ],
    "isTemplate": false,
    "count": 0,
    "lang": "en",
    "updated": 0
  },
  {
    "id": "62641a29-d160-4b93-a9a9-366147ac09c9",
    "data": [
      {
        "text": "evicting",
        "userDefined": false
      }
    ],
    "isTemplate": false,
    "count": 0,
    "lang": "en",
    "updated": 0
  },
  {
    "id": "187b38b0-00ef-4773-8a48-c4e1be93e18f",
    "data": [
      {
        "text": "eviction",
        "userDefined": false
      }
    ],
    "isTemplate": false,
    "count": 0,
    "lang": "en",
    "updated": 0
  },
  {
    "id": "49b5c4ba-2ce8-4152-a2b6-38f1295d7c5c",
    "data": [
      {
        "text": "landlord",
        "userDefined": false
      }
    ],
    "isTemplate": false,
    "count": 0,
    "lang": "en",
    "updated": 0
  },
  {
    "id": "fac047b4-4e0d-4f72-b42f-be2bd4075213",
    "data": [
      {
        "text": "roaches",
        "userDefined": false
      }
    ],
    "isTemplate": false,
    "count": 0,
    "lang": "en",
    "updated": 0
  },
  {
    "id": "9b244bc9-4f53-4f0b-8a5d-363065145771",
    "data": [
      {
        "text": "mice",
        "userDefined": false
      }
    ],
    "isTemplate": false,
    "count": 0,
    "lang": "en",
    "updated": 0
  },
  {
    "id": "c1b2a595-858d-4e9f-9520-226fac8e74b9",
    "data": [
      {
        "text": "bed bugs",
        "userDefined": false
      }
    ],
    "isTemplate": false,
    "count": 1,
    "lang": "en",
    "updated": 0
  },
  {
    "id": "05a6b5df-e81a-468f-9217-23bb57b233c5",
    "data": [
      {
        "text": "bedbugs",
        "userDefined": false
      }
    ],
    "isTemplate": false,
    "count": 0,
    "lang": "en",
    "updated": 0
  },
  {
    "id": "82de909b-4a88-4f20-8f6b-67a5d268d68e",
    "data": [
      {
        "text": "evict",
        "userDefined": false
      }
    ],
    "isTemplate": false,
    "count": 1,
    "lang": "en",
    "updated": 0
  },
  {
    "id": "000fef8f-363c-41b8-8608-a94c1dcc0b2e",
    "data": [
      {
        "text": "shelter plus",
        "userDefined": false
      }
    ],
    "isTemplate": false,
    "count": 0,
    "lang": "en",
    "updated": 0
  },
  {
    "id": "55dac898-c87d-443f-9cbd-e66e88268448",
    "data": [
      {
        "text": "public housing",
        "userDefined": false
      }
    ],
    "isTemplate": false,
    "count": 0,
    "lang": "en",
    "updated": 0
  },
  {
    "id": "8bbf5fd3-2e2e-44da-883d-0f8f5387e83a",
    "data": [
      {
        "text": "shelter-plus",
        "userDefined": false
      }
    ],
    "isTemplate": false,
    "count": 0,
    "lang": "en",
    "updated": 0
  },
  {
    "id": "a3cc1e1f-701d-44d3-a25b-b53a171de9e4",
    "data": [
      {
        "text": "BRAP",
        "userDefined": false
      }
    ],
    "isTemplate": false,
    "count": 0,
    "lang": "en",
    "updated": 0
  },
  {
    "id": "a0c058f4-3252-4e19-a77d-f5bb98676acb",
    "data": [
      {
        "text": "renter",
        "userDefined": false
      }
    ],
    "isTemplate": false,
    "count": 1,
    "lang": "en",
    "updated": 0
  },
  {
    "id": "7c46d0df-7b6d-4bcf-8ab3-c7dfcb49b615",
    "data": [
      {
        "text": "radon",
        "userDefined": false
      }
    ],
    "isTemplate": false,
    "count": 1,
    "lang": "en",
    "updated": 0
  },
  {
    "id": "eccde2fe-d335-4e2d-bd52-1265a2f8ecdd",
    "data": [
      {
        "text": "30-day",
        "meta": "@sys.ignore",
        "userDefined": false
      },
      {
        "text": " notice",
        "userDefined": false
      }
    ],
    "isTemplate": false,
    "count": 0,
    "lang": "en",
    "updated": 0
  },
  {
    "id": "66e05cee-b269-4b20-a705-66a7d7768657",
    "data": [
      {
        "text": "deposit",
        "userDefined": false
      }
    ],
    "isTemplate": false,
    "count": 0,
    "lang": "en",
    "updated": 0
  },
  {
    "id": "f328fe7d-54b1-4bbf-b219-00fc1ebd2e43",
    "data": [
      {
        "text": "neighbors",
        "userDefined": false
      }
    ],
    "isTemplate": false,
    "count": 0,
    "lang": "en",
    "updated": 0
  },
  {
    "id": "9ebaf325-0977-4578-b8ec-dcbe3e208692",
    "data": [
      {
        "text": "lease",
        "userDefined": false
      }
    ],
    "isTemplate": false,
    "count": 0,
    "lang": "en",
    "updated": 0
  },
  {
    "id": "fcb85dda-23c1-4af8-b272-bef32a64e27d",
    "data": [
      {
        "text": "mortgage",
        "userDefined": false
      }
    ],
    "isTemplate": false,
    "count": 2,
    "lang": "en",
    "updated": 0
  },
  {
    "id": "fcf9b83d-88fd-4cd9-99f8-ff680d3bb3e8",
    "data": [
      {
        "text": "apartment",
        "userDefined": false
      }
    ],
    "isTemplate": false,
    "count": 1,
    "lang": "en",
    "updated": 0
  }
]