[
  {
    "id": "72c95159-e3a1-4afd-8fb0-e6730b34e1c8",
    "data": [
      {
        "text": "emancipated minor",
        "userDefined": false
      }
    ],
    "isTemplate": false,
    "count": 0,
    "lang": "en",
    "updated": 0
  },
  {
    "id": "533977d3-2696-49d3-a7d7-ec19ecbb513d",
    "data": [
      {
        "text": "emancipation",
        "userDefined": false
      }
    ],
    "isTemplate": false,
    "count": 0,
    "lang": "en",
    "updated": 0
  },
  {
    "id": "9ae61cd2-99e3-41f7-9db8-e95f26fb4f2d",
    "data": [
      {
        "text": "emancipated",
        "userDefined": false
      }
    ],
    "isTemplate": false,
    "count": 0,
    "lang": "en",
    "updated": 0
  },
  {
    "id": "706257db-724d-43d4-9441-a11043858a47",
    "data": [
      {
        "text": "emancipate",
        "userDefined": false
      }
    ],
    "isTemplate": false,
    "count": 0,
    "lang": "en",
    "updated": 0
  },
  {
    "id": "7dfa7cdb-d7d7-4201-af08-0d0d48c688d1",
    "data": [
      {
        "text": "juvenile justice",
        "userDefined": false
      }
    ],
    "isTemplate": false,
    "count": 0,
    "lang": "en",
    "updated": 0
  },
  {
    "id": "273e607f-5603-4b49-a088-4435ae115452",
    "data": [
      {
        "text": "youth",
        "userDefined": false
      }
    ],
    "isTemplate": false,
    "count": 0,
    "lang": "en",
    "updated": 0
  },
  {
    "id": "6241280c-affd-4c83-8b22-f906dd21fce8",
    "data": [
      {
        "text": "juvenile",
        "userDefined": false
      }
    ],
    "isTemplate": false,
    "count": 0,
    "lang": "en",
    "updated": 0
  },
  {
    "id": "d675167d-3c8a-4582-9457-a498cbb8f8fc",
    "data": [
      {
        "text": "juvenile crime",
        "userDefined": false
      }
    ],
    "isTemplate": false,
    "count": 0,
    "lang": "en",
    "updated": 0
  },
  {
    "id": "27a68c05-b230-4a42-9727-64cb400b4160",
    "data": [
      {
        "text": "expulsion",
        "userDefined": false
      }
    ],
    "isTemplate": false,
    "count": 0,
    "lang": "en",
    "updated": 0
  },
  {
    "id": "2f8a58ac-c904-480f-8bfe-336777028761",
    "data": [
      {
        "text": "expelled",
        "userDefined": false
      }
    ],
    "isTemplate": false,
    "count": 0,
    "lang": "en",
    "updated": 0
  },
  {
    "id": "c1aa903a-fdbc-4197-9684-98c9480f168e",
    "data": [
      {
        "text": "expel",
        "userDefined": false
      }
    ],
    "isTemplate": false,
    "count": 0,
    "lang": "en",
    "updated": 0
  },
  {
    "id": "513e1394-140d-4226-9a06-942e515151fb",
    "data": [
      {
        "text": "Kids unit",
        "userDefined": false
      }
    ],
    "isTemplate": false,
    "count": 0,
    "lang": "en",
    "updated": 0
  },
  {
    "id": "39ee1737-1f92-492b-aac1-f9a44427f987",
    "data": [
      {
        "text": "KidsLegal",
        "userDefined": false
      }
    ],
    "isTemplate": false,
    "count": 1,
    "lang": "en",
    "updated": 0
  },
  {
    "id": "de6d4a88-39cf-4c4d-8d1c-276dfd721fba",
    "data": [
      {
        "text": "Kids Legal",
        "userDefined": false
      }
    ],
    "isTemplate": false,
    "count": 0,
    "lang": "en",
    "updated": 0
  },
  {
    "id": "aedae85a-f998-4ecf-bc3b-169da5194e53",
    "data": [
      {
        "text": "Title IX",
        "userDefined": false
      }
    ],
    "isTemplate": false,
    "count": 0,
    "lang": "en",
    "updated": 0
  },
  {
    "id": "3a7becb6-4698-4d0f-88fb-1cb01a27c8ed",
    "data": [
      {
        "text": "individualized education plan",
        "userDefined": false
      }
    ],
    "isTemplate": false,
    "count": 0,
    "lang": "en",
    "updated": 0
  },
  {
    "id": "94a6a648-8322-4018-8069-ee46f9a697cf",
    "data": [
      {
        "text": "special ed",
        "userDefined": false
      }
    ],
    "isTemplate": false,
    "count": 0,
    "lang": "en",
    "updated": 0
  },
  {
    "id": "5b5ec035-c441-4a96-88c4-497c9306e9ac",
    "data": [
      {
        "text": "special education",
        "userDefined": false
      }
    ],
    "isTemplate": false,
    "count": 0,
    "lang": "en",
    "updated": 0
  },
  {
    "id": "3a79c4f0-641b-4819-8d64-13e99953b641",
    "data": [
      {
        "text": "IEP",
        "userDefined": false
      }
    ],
    "isTemplate": false,
    "count": 0,
    "lang": "en",
    "updated": 0
  },
  {
    "id": "15f14e44-8928-41ed-8a04-d70c99435d99",
    "data": [
      {
        "text": "education",
        "userDefined": false
      }
    ],
    "isTemplate": false,
    "count": 0,
    "lang": "en",
    "updated": 0
  },
  {
    "id": "c2d53b28-7ad0-42ac-b18f-6364935d3eba",
    "data": [
      {
        "text": "student",
        "userDefined": false
      }
    ],
    "isTemplate": false,
    "count": 0,
    "lang": "en",
    "updated": 0
  },
  {
    "id": "57f68d55-b87f-4db5-a5c8-1be99be2d140",
    "data": [
      {
        "text": "school",
        "userDefined": false
      }
    ],
    "isTemplate": false,
    "count": 0,
    "lang": "en",
    "updated": 0
  }
]