[
  {
    "id": "86dfb002-c1b2-404f-b22f-3348dc890e1e",
    "data": [
      {
        "text": "do you help with social security disability denials",
        "userDefined": false
      }
    ],
    "isTemplate": false,
    "count": 0,
    "lang": "en",
    "updated": 0
  },
  {
    "id": "fb9f77f0-5e8f-439d-a253-0910ad29acce",
    "data": [
      {
        "text": "can it help with social security",
        "userDefined": false
      }
    ],
    "isTemplate": false,
    "count": 0,
    "lang": "en",
    "updated": 0
  },
  {
    "id": "d42bf02f-c408-49ad-ac7d-d06726996680",
    "data": [
      {
        "text": "can it help with a personal conference for social security",
        "userDefined": false
      }
    ],
    "isTemplate": false,
    "count": 0,
    "lang": "en",
    "updated": 0
  },
  {
    "id": "6572fdb7-a1d4-4b5e-b461-156c49f1b7cb",
    "data": [
      {
        "text": "personal conferences",
        "userDefined": false
      }
    ],
    "isTemplate": false,
    "count": 0,
    "lang": "en",
    "updated": 0
  },
  {
    "id": "166cc18a-d6f6-45a4-89ec-77138af6b38f",
    "data": [
      {
        "text": "social security disability",
        "userDefined": false
      }
    ],
    "isTemplate": false,
    "count": 0,
    "lang": "en",
    "updated": 0
  },
  {
    "id": "40a912e8-e935-4e20-b3e9-04bc4913c073",
    "data": [
      {
        "text": "ssdi",
        "userDefined": false
      }
    ],
    "isTemplate": false,
    "count": 0,
    "lang": "en",
    "updated": 0
  },
  {
    "id": "ad095671-ecae-4dd3-afc9-12b1a04bf5be",
    "data": [
      {
        "text": "ssi",
        "userDefined": false
      }
    ],
    "isTemplate": false,
    "count": 0,
    "lang": "en",
    "updated": 0
  },
  {
    "id": "b868b1dc-50a6-4814-ae7f-341dd6f6ff04",
    "data": [
      {
        "text": "disabled",
        "userDefined": false
      }
    ],
    "isTemplate": false,
    "count": 0,
    "lang": "en",
    "updated": 0
  },
  {
    "id": "10fbd553-c2f2-48d9-adbc-dd93ffbe5d68",
    "data": [
      {
        "text": "disabilities",
        "userDefined": false
      }
    ],
    "isTemplate": false,
    "count": 0,
    "lang": "en",
    "updated": 0
  },
  {
    "id": "a007bedb-194d-4e92-9af3-de8980cbaeb4",
    "data": [
      {
        "text": "disability",
        "userDefined": false
      }
    ],
    "isTemplate": false,
    "count": 0,
    "lang": "en",
    "updated": 0
  },
  {
    "id": "74edcbfa-7790-492e-b107-d9602a7e970c",
    "data": [
      {
        "text": "ssa",
        "userDefined": false
      }
    ],
    "isTemplate": false,
    "count": 0,
    "lang": "en",
    "updated": 0
  },
  {
    "id": "098b57c5-2e24-4c21-9570-f361fdf7536f",
    "data": [
      {
        "text": "social security administration",
        "userDefined": false
      }
    ],
    "isTemplate": false,
    "count": 0,
    "lang": "en",
    "updated": 0
  },
  {
    "id": "2b326981-f0b2-4449-a2bb-3222f01c4026",
    "data": [
      {
        "text": "social security",
        "userDefined": false
      }
    ],
    "isTemplate": false,
    "count": 0,
    "lang": "en",
    "updated": 0
  }
]