[
  {
    "id": "785dfdf4-786e-4ad5-af43-9428edd19c8d",
    "data": [
      {
        "text": "armed forces",
        "userDefined": false
      }
    ],
    "isTemplate": false,
    "count": 0,
    "lang": "en",
    "updated": 0
  },
  {
    "id": "445a44a7-f3e8-40bc-846f-00f71f322ab6",
    "data": [
      {
        "text": "Servicemembers",
        "userDefined": false
      }
    ],
    "isTemplate": false,
    "count": 0,
    "lang": "en",
    "updated": 0
  },
  {
    "id": "22372a4e-49fe-45d5-994d-0f701144b960",
    "data": [
      {
        "text": "Service Members",
        "userDefined": false
      }
    ],
    "isTemplate": false,
    "count": 0,
    "lang": "en",
    "updated": 0
  },
  {
    "id": "5e13f4da-d55f-4258-b953-94016483a450",
    "data": [
      {
        "text": "GI Bill",
        "userDefined": false
      }
    ],
    "isTemplate": false,
    "count": 0,
    "lang": "en",
    "updated": 0
  },
  {
    "id": "d2ca67fd-44e9-427a-9a0d-6a0ed6f8e9cf",
    "data": [
      {
        "text": "Combat-Injured",
        "userDefined": false
      }
    ],
    "isTemplate": false,
    "count": 0,
    "lang": "en",
    "updated": 0
  },
  {
    "id": "031ec4b6-b059-47f9-85f2-4da06fe4db36",
    "data": [
      {
        "text": "Combat-Injured Veterans Tax Fairness Act",
        "userDefined": false
      }
    ],
    "isTemplate": false,
    "count": 0,
    "lang": "en",
    "updated": 0
  },
  {
    "id": "5e305905-4c72-412d-9f9d-bc4936e8e86c",
    "data": [
      {
        "text": "coast guard",
        "userDefined": false
      }
    ],
    "isTemplate": false,
    "count": 0,
    "lang": "en",
    "updated": 0
  },
  {
    "id": "54a32235-1528-4262-803b-f3448bda7d7b",
    "data": [
      {
        "text": "national guard",
        "userDefined": false
      }
    ],
    "isTemplate": false,
    "count": 0,
    "lang": "en",
    "updated": 0
  },
  {
    "id": "d0dd1874-8cb3-4cc5-89cf-e9803879ea48",
    "data": [
      {
        "text": "marines",
        "userDefined": false
      }
    ],
    "isTemplate": false,
    "count": 0,
    "lang": "en",
    "updated": 0
  },
  {
    "id": "e481f25f-6b4e-4e39-9a24-66336b5f7b04",
    "data": [
      {
        "text": "navy",
        "meta": "@sys.ignore",
        "userDefined": false
      }
    ],
    "isTemplate": false,
    "count": 0,
    "lang": "en",
    "updated": 0
  },
  {
    "id": "963ba220-1149-493c-8279-4761ede815b9",
    "data": [
      {
        "text": "air force",
        "userDefined": false
      }
    ],
    "isTemplate": false,
    "count": 0,
    "lang": "en",
    "updated": 0
  },
  {
    "id": "b51e6454-2290-407c-84b6-9a90a6db29e2",
    "data": [
      {
        "text": "army",
        "userDefined": false
      }
    ],
    "isTemplate": false,
    "count": 0,
    "lang": "en",
    "updated": 0
  },
  {
    "id": "9bedad43-4772-48ea-9ea9-45a66def6aba",
    "data": [
      {
        "text": "servicemembers civil relief act",
        "userDefined": false
      }
    ],
    "isTemplate": false,
    "count": 0,
    "lang": "en",
    "updated": 0
  },
  {
    "id": "6521bc84-245a-4934-801e-4068467e065a",
    "data": [
      {
        "text": "SCRA",
        "userDefined": false
      }
    ],
    "isTemplate": false,
    "count": 0,
    "lang": "en",
    "updated": 0
  },
  {
    "id": "9444ab17-3d51-410c-a015-c3b9f6fd9b5b",
    "data": [
      {
        "text": "VA",
        "userDefined": false
      }
    ],
    "isTemplate": false,
    "count": 0,
    "lang": "en",
    "updated": 0
  },
  {
    "id": "05c92070-aa6d-4ea9-8d28-d3e8f2bc2931",
    "data": [
      {
        "text": "military",
        "userDefined": false
      }
    ],
    "isTemplate": false,
    "count": 0,
    "lang": "en",
    "updated": 0
  },
  {
    "id": "0cc2b270-e8eb-4173-a471-575ea6c9a83b",
    "data": [
      {
        "text": "veteran",
        "userDefined": false
      }
    ],
    "isTemplate": false,
    "count": 0,
    "lang": "en",
    "updated": 0
  }
]