[
  {
    "id": "bde8c5cf-12d0-4e75-80d4-fbb6d333821e",
    "data": [
      {
        "text": "what services do you offer?",
        "userDefined": false
      }
    ],
    "isTemplate": false,
    "count": 0,
    "lang": "en",
    "updated": 0
  },
  {
    "id": "f555a78a-f901-4a5d-b7d2-86c72f01ff8f",
    "data": [
      {
        "text": "want to learn about my rights",
        "userDefined": false
      }
    ],
    "isTemplate": false,
    "count": 0,
    "lang": "en",
    "updated": 0
  },
  {
    "id": "af011739-e3de-486e-bba2-4dbadf123891",
    "data": [
      {
        "text": "question about my rights",
        "userDefined": false
      }
    ],
    "isTemplate": false,
    "count": 0,
    "lang": "en",
    "updated": 0
  },
  {
    "id": "ef4f6cf5-e2a6-424c-9300-701991d81945",
    "data": [
      {
        "text": "learn about my rights",
        "userDefined": false
      }
    ],
    "isTemplate": false,
    "count": 0,
    "lang": "en",
    "updated": 0
  },
  {
    "id": "f4330403-1239-4a41-8b87-fba1da630a35",
    "data": [
      {
        "text": "how can i learn about my rights",
        "userDefined": false
      }
    ],
    "isTemplate": false,
    "count": 0,
    "lang": "en",
    "updated": 0
  },
  {
    "id": "8c162682-015c-4c2f-a20c-a6d3aa5fcad4",
    "data": [
      {
        "text": "do you do",
        "userDefined": false
      }
    ],
    "isTemplate": false,
    "count": 0,
    "lang": "en",
    "updated": 0
  },
  {
    "id": "348ad2db-3b68-46df-93cd-3f624a452511",
    "data": [
      {
        "text": "Do you help with",
        "userDefined": false
      }
    ],
    "isTemplate": false,
    "count": 0,
    "lang": "en",
    "updated": 0
  },
  {
    "id": "68bb67e5-6159-4620-badf-314d9e460297",
    "data": [
      {
        "text": "can you help with",
        "userDefined": false
      }
    ],
    "isTemplate": false,
    "count": 0,
    "lang": "en",
    "updated": 0
  },
  {
    "id": "33262b19-2a0e-49eb-afa1-06fdcf47bd7f",
    "data": [
      {
        "text": "can you help me with",
        "userDefined": false
      }
    ],
    "isTemplate": false,
    "count": 1,
    "lang": "en",
    "updated": 0
  },
  {
    "id": "8ca01691-f08a-44c7-b2b1-10b1d365fe9b",
    "data": [
      {
        "text": "Can Pine Tree help me?",
        "userDefined": false
      }
    ],
    "isTemplate": false,
    "count": 0,
    "lang": "en",
    "updated": 0
  },
  {
    "id": "b9da2625-bb74-4744-97bf-4abcf031157b",
    "data": [
      {
        "text": "Can PTLA help me?",
        "userDefined": false
      }
    ],
    "isTemplate": false,
    "count": 0,
    "lang": "en",
    "updated": 0
  },
  {
    "id": "31a4e2e5-0196-4d68-a002-641966c2ff93",
    "data": [
      {
        "text": "Can you help me?",
        "userDefined": false
      }
    ],
    "isTemplate": false,
    "count": 0,
    "lang": "en",
    "updated": 0
  },
  {
    "id": "fb2a6b4d-2faf-4339-8dde-72040957358b",
    "data": [
      {
        "text": "What areas of law do you help with?",
        "userDefined": false
      }
    ],
    "isTemplate": false,
    "count": 0,
    "lang": "en",
    "updated": 0
  },
  {
    "id": "edc43e6d-8cd5-4a3b-a764-61215024f51a",
    "data": [
      {
        "text": "What kind of law do you practice?",
        "userDefined": false
      }
    ],
    "isTemplate": false,
    "count": 0,
    "lang": "en",
    "updated": 0
  },
  {
    "id": "6f5e92fe-3ae8-4fd4-8522-2aeb91b9b78e",
    "data": [
      {
        "text": "What kind of issues do you help with?",
        "userDefined": false
      }
    ],
    "isTemplate": false,
    "count": 0,
    "lang": "en",
    "updated": 0
  },
  {
    "id": "47f55d6e-5dba-4f70-916e-de2ea30ba5d7",
    "data": [
      {
        "text": "What issues do you help with?",
        "userDefined": false
      }
    ],
    "isTemplate": false,
    "count": 0,
    "lang": "en",
    "updated": 0
  },
  {
    "id": "58da9350-c799-48a6-927e-4e25678232a5",
    "data": [
      {
        "text": "Who do you help?",
        "userDefined": false
      }
    ],
    "isTemplate": false,
    "count": 0,
    "lang": "en",
    "updated": 0
  },
  {
    "id": "14f79403-cd99-473b-8d65-1f14065fc488",
    "data": [
      {
        "text": "Who can get help?",
        "userDefined": false
      }
    ],
    "isTemplate": false,
    "count": 0,
    "lang": "en",
    "updated": 0
  }
]