[
  {
    "id": "60d434ec-63b5-4f75-a6ff-248d4bd917e6",
    "data": [
      {
        "text": "get my estate in order",
        "userDefined": false
      }
    ],
    "isTemplate": false,
    "count": 1,
    "lang": "en",
    "updated": 0
  },
  {
    "id": "369b7184-a322-4800-87c2-97f5574b4655",
    "data": [
      {
        "text": "estate",
        "userDefined": false
      }
    ],
    "isTemplate": false,
    "count": 0,
    "lang": "en",
    "updated": 0
  },
  {
    "id": "000706fa-8f21-4997-b9d7-5efd2231c399",
    "data": [
      {
        "text": "revise my will",
        "userDefined": false
      }
    ],
    "isTemplate": false,
    "count": 0,
    "lang": "en",
    "updated": 0
  },
  {
    "id": "69a9b3b5-4089-43ea-9484-1cb8a43ca63f",
    "data": [
      {
        "text": "update a will",
        "userDefined": false
      }
    ],
    "isTemplate": false,
    "count": 0,
    "lang": "en",
    "updated": 0
  },
  {
    "id": "e0e5fa9b-1466-4394-a07f-2d246be3ce58",
    "data": [
      {
        "text": "updating will",
        "userDefined": false
      }
    ],
    "isTemplate": false,
    "count": 0,
    "lang": "en",
    "updated": 0
  },
  {
    "id": "8491d3a5-2287-4bb9-b80f-728763fae0be",
    "data": [
      {
        "text": "revising will",
        "userDefined": false
      }
    ],
    "isTemplate": false,
    "count": 0,
    "lang": "en",
    "updated": 0
  },
  {
    "id": "3cc01f86-15cf-4eae-a75e-5031e7a1c097",
    "data": [
      {
        "text": "living trust",
        "userDefined": false
      }
    ],
    "isTemplate": false,
    "count": 1,
    "lang": "en",
    "updated": 0
  },
  {
    "id": "8b46a3a3-1695-4d7b-9580-cdb1808d62bd",
    "data": [
      {
        "text": "revising a will",
        "userDefined": false
      }
    ],
    "isTemplate": false,
    "count": 0,
    "lang": "en",
    "updated": 0
  },
  {
    "id": "c08b52ba-d410-4c47-a6c2-80ad295834b0",
    "data": [
      {
        "text": "drafting a will",
        "userDefined": false
      }
    ],
    "isTemplate": false,
    "count": 0,
    "lang": "en",
    "updated": 0
  },
  {
    "id": "45221978-eb1a-4307-aa79-d19cd8392f56",
    "data": [
      {
        "text": "writing a will",
        "userDefined": false
      }
    ],
    "isTemplate": false,
    "count": 0,
    "lang": "en",
    "updated": 0
  },
  {
    "id": "a2163b5e-330e-44fd-a622-c20c6a9ffbfc",
    "data": [
      {
        "text": "died",
        "userDefined": false
      }
    ],
    "isTemplate": false,
    "count": 0,
    "lang": "en",
    "updated": 0
  },
  {
    "id": "ea3d7816-6d06-4573-a19b-792527f194d8",
    "data": [
      {
        "text": "passed away",
        "userDefined": false
      }
    ],
    "isTemplate": false,
    "count": 0,
    "lang": "en",
    "updated": 0
  },
  {
    "id": "5dd6a45f-cd5b-4ffa-a96f-6dfa35593903",
    "data": [
      {
        "text": "probating",
        "userDefined": false
      }
    ],
    "isTemplate": false,
    "count": 0,
    "lang": "en",
    "updated": 0
  },
  {
    "id": "6d456c9a-5ec4-4670-a5ed-0b47efcc5153",
    "data": [
      {
        "text": "probate",
        "userDefined": false
      }
    ],
    "isTemplate": false,
    "count": 0,
    "lang": "en",
    "updated": 0
  },
  {
    "id": "8b0fb54d-9705-4546-83d4-b4338280d79c",
    "data": [
      {
        "text": "holographic will",
        "userDefined": false
      }
    ],
    "isTemplate": false,
    "count": 0,
    "lang": "en",
    "updated": 0
  },
  {
    "id": "ccb1cbfe-4fb4-4002-a6c3-5634b15743f1",
    "data": [
      {
        "text": "living will",
        "userDefined": false
      }
    ],
    "isTemplate": false,
    "count": 0,
    "lang": "en",
    "updated": 0
  },
  {
    "id": "644c0100-e887-41d4-ba80-2904386f6f7f",
    "data": [
      {
        "text": "last will and testament",
        "userDefined": false
      }
    ],
    "isTemplate": false,
    "count": 0,
    "lang": "en",
    "updated": 0
  },
  {
    "id": "f44f282a-312a-466b-912a-4adeedfe3dc6",
    "data": [
      {
        "text": "last will",
        "userDefined": false
      }
    ],
    "isTemplate": false,
    "count": 0,
    "lang": "en",
    "updated": 0
  },
  {
    "id": "7a3986cd-b8b4-4f0a-bd21-cf97470d9aac",
    "data": [
      {
        "text": "will and testament",
        "userDefined": false
      }
    ],
    "isTemplate": false,
    "count": 0,
    "lang": "en",
    "updated": 0
  }
]